SET SQL_MODE="NO_AUTO_VALUE_ON_ZERO";

--
-- Structure de la table `slider_product`
--
CREATE TABLE `slider_product`
(
  `product_id` INT(11) PRIMARY KEY NOT NULL
);


--
-- Structure de la table `brands`
--
CREATE TABLE IF NOT EXISTS `brands`
(
    `id`         int(11)             NOT NULL AUTO_INCREMENT,
    `brand`      varchar(50)         NOT NULL,
    PRIMARY KEY (`id`),
    UNIQUE KEY `brand_uq` (`brand`)
) ENGINE=InnoDB DEFAULT CHARSET=utf8;

INSERT INTO `brands` (`id`, `brand`) VALUES
(1, '1515'),
(2, '3 Claveles'),
(122, '5.11'),
(4, 'A.Chosson'),
(5, 'A.Monteiro'),
(7, 'Arkansas '),
(8, 'Bark River'),
(9, 'Benchmade'),
(10, 'Beretta'),
(11, 'BlackJack'),
(12, 'Boker'),
(13, 'Browning'),
(14, 'Buck'),
(15, 'Buck creek'),
(16, 'Bushnell'),
(17, 'Byrd '),
(18, 'Camillus'),
(20, 'Case'),
(24, 'Chroma'),
(25, 'Citadel'),
(26, 'Cognet'),
(27, 'COLD STEEL'),
(29, 'Contemporary '),
(30, 'CRKT'),
(31, 'Dovo'),
(33, 'DPX'),
(34, 'Eickhorn'),
(35, 'ESEE'),
(36, 'Eze-Lap'),
(37, 'Fallkniven'),
(39, 'Fontenille pataud'),
(40, 'Fox'),
(44, 'Gerber'),
(45, 'Gladius'),
(46, 'Haiku'),
(47, 'Hartkopf'),
(48, 'Hd international'),
(49, 'Henckels'),
(50, 'Herbertz'),
(51, 'Hogue'),
(52, 'Indian Head'),
(53, 'Jewelstick'),
(54, 'JP Couvert'),
(55, 'Ka-bar'),
(56, 'KAI'),
(58, 'Katz'),
(59, 'Kershaw'),
(60, 'kissing crane'),
(61, 'komoran'),
(62, 'Kyocera'),
(63, 'Laguiole en Aubrac'),
(64, 'Leatherman'),
(66, 'Lion Steel'),
(67, 'Maglite'),
(69, 'Mercury'),
(71, 'Mora'),
(72, 'Muela'),
(73, 'MUHLE'),
(77, 'Ontario'),
(78, 'Opinel'),
(81, 'Perceval'),
(82, 'Point Virgule'),
(83, 'Pradel'),
(84, 'Puma'),
(85, 'Puma ip'),
(87, 'Queen Cutlery'),
(88, 'R.Bol'),
(89, 'R.David'),
(90, 'Remington'),
(91, 'Rite Edge'),
(92, 'Rough rider'),
(93, 'Sabatier'),
(94, 'Schrade'),
(95, 'Shilling'),
(96, 'Silver Stag'),
(98, 'Smith&Wesson'),
(99, 'SOG'),
(101, 'Spyderco'),
(102, 'Svord'),
(103, 'Swibo'),
(104, 'T.Fedide'),
(106, 'Thyphoon'),
(107, 'Timberline'),
(110, 'TOPS'),
(111, 'Ult.Equipment'),
(112, 'United'),
(113, 'Victorinox'),
(114, 'Viper'),
(115, 'virginia'),
(116, 'Wenger'),
(117, 'Winchester'),
(119, 'Wrangler'),
(121, 'Zero Tolerance'),
(3, 'Yamahide cutlery');


--
-- Structure de la table `section`
--
CREATE TABLE IF NOT EXISTS `section` (
 `id` int(11) NOT NULL AUTO_INCREMENT,
 `type` varchar(25) NOT NULL DEFAULT '',
 `title` varchar(100) NOT NULL DEFAULT '',
 `titlenl` varchar(100) NOT NULL DEFAULT '',
 `parent` varchar(25) DEFAULT NULL,
 `sortby` int(4) DEFAULT NULL,
 PRIMARY KEY (`id`),
 UNIQUE KEY type_uq (`type`),
 FOREIGN KEY (`parent`) REFERENCES `section`(`type`)
) ENGINE=InnoDB DEFAULT CHARSET=utf8 AUTO_INCREMENT=81;

INSERT INTO `section` (`type`, `title`, `parent`, `titlenl`, `sortby`) VALUES
 ('canifs', 'Couteaux pliants et tools', NULL, 'Zakmessen & tools', 10),
 ('militaria', 'Couteaux lame fixe', NULL, 'Militaria & survival (vast lemmet)', 30),
 ('sabre', 'Les sabres (d\'autres modèles au magasin)', NULL, 'Zwaarden', 40),
 ('cuisine', 'Le coin cuisine (d\'autres modèles au magasin)', NULL, 'Keuken hoek ', 110),
 ('rasoirs', 'Rasoirs, ciseaux et pinces', NULL, 'Scheermessen & kapperscharen', 60),
 ('flashlight', 'Optique et lampe outdoor', NULL, 'Zaklampen and optiek', 90),
 ('table', 'Couteaux de table (d\'autres modèles disponibles au magasin) ', NULL, 'Tafel messen', 50),
 ('boucherie', 'Boucherie ', NULL, 'Slagersmessen', 120),
 ('aiguisage', 'aiguisage ', NULL, 'aiguisage', 130),
 ('mercury', 'mercury ', NULL, 'mercury', 140);

INSERT INTO `section` (`type`, `title`, `parent`, `titlenl`, `sortby`) VALUES
 ('HAIKU', 'HAIKU', 'cuisine', 'HAIKU', NULL),
 ('kai', 'KAI    MAGOROKU Composite', 'cuisine', 'KAI    MAGOROKU Composite', 10),
 ('type301', 'CHROMA  TYPE  301', 'cuisine', 'CHROMA  TYPE  301', 20),
 ('ustensiles', 'Ustensiles', 'cuisine', 'Keukengerei', 40);


--
-- Structure de la table `product`
--
CREATE TABLE IF NOT EXISTS `product` (
  `id` int(11) NOT NULL AUTO_INCREMENT,
  `type` varchar(25) NOT NULL DEFAULT '',
  `brand` varchar(50) NOT NULL DEFAULT '',
  `name` varchar(50) NOT NULL DEFAULT '',
  `description` varchar(1800) DEFAULT NULL,
  `picture` varchar(300) DEFAULT NULL,
  `handle` varchar(50) DEFAULT NULL,
  `steel` varchar(50) DEFAULT NULL,
  `size` varchar(50) DEFAULT NULL,
  `youtube_ref` varchar(30) DEFAULT NULL,
  `price` float DEFAULT NULL,
  `old_price` float DEFAULT NULL,
  `comment` varchar(100) DEFAULT NULL,
  `promo` boolean NOT NULL default false,
  `instock` boolean NOT NULL default true,
  PRIMARY KEY (`id`),
  KEY `name` (`name`),
  FOREIGN KEY (`type`) REFERENCES `section`(`type`),
  FOREIGN KEY (`brand`) REFERENCES `brands`(`brand`)
) ENGINE=InnoDB  DEFAULT CHARSET=utf8 AUTO_INCREMENT=738;

--
-- Contenu de la table `product`
--

INSERT INTO `product` (`id`, `type`, `brand`, `name`, `description`, `picture`, `handle`, `steel`, `size`, `youtube_ref`, `price`, `comment`, `promo`, `old_price`, `instock`) VALUES
(3, 'rasoirs', '3 Claveles', '3 C plus mate coupe', '3 Claveles , ciseaux haut de gamme à prix concurrentiel', 'ciscoif3cl.jpg', NULL, '58 hrc', '5,5\"', 'fHC4VWzReZ0', 69, NULL, 0, NULL, 1),
(4, 'rasoirs', '3 Claveles', '3 C kit de coupe', '3 Claveles , anneaux en aluminium bleu métallique, repose doigt et amortisseur .', 'ciscoif3clbl.jpg', NULL, '58 hrc', '5,5\"', 'fHC4VWzReZ0', 120, NULL, 0, NULL, 1),
(5, 'rasoirs', '3 Claveles', '3 C ct yellow', '3 Claveles , repose doigt en laiton, visserie en laiton, amortisseur intégré et très haute teneur en carbone pour une durée de coupe imbattable', 'ciscoif3clluxe1.jpg', NULL, '62 hrc', '5,5\"', 'fHC4VWzReZ0', 180, NULL, 0, NULL, 1),
(10, 'rasoirs', '3 Claveles', '3 C couture 10 \"', '3 Claveles, ciseaux lourds ideaux pour les tailleurs et garnisseurs, convient pour le tissu fin ou épais.', 'ciscout2.jpg', NULL, NULL, '10\"', 'fHC4VWzReZ0', 39, NULL, 0, NULL, 1),
(11, 'rasoirs', '3 Claveles', '3 C couture 12 \"', '3 Claveles, ciseaux lourds et très grand,  12\" = 30 cm, ideaux pour les tailleurs et garnisseurs, convient pour le tissu fin ou épais.', '12pouce.jpg', NULL, NULL, '12\"', 'fHC4VWzReZ0', 45, NULL, 0, NULL, 1),
(13, 'rasoirs', '3 Claveles', '3 C ciseaux enfant', '3 Claveles , le ciseaux de bricolage version gaucher, avec graduation de 5 cm pour un prise de mesure rapide.', 'ciscoutcolor.jpg', NULL, NULL, NULL, 'fHC4VWzReZ0', 4, NULL, 0, NULL, 1),
(14, 'rasoirs', '3 Claveles', '3 C coupe fils', 'coupe fils 3 Claveles, permet de travailler à l\'horizontal directement sur le plan de travail.', 'ciscoutmini.jpg', NULL, NULL, NULL, 'fHC4VWzReZ0', 28, NULL, 0, NULL, 1),
(15, 'ustensiles', '3 Claveles', '3 C ciseaux petit ouvrage', '3 Claveles , ideal dans la cuisine pour découper les emballages sans risque de se blesser', 'ciscuisred.jpg', NULL, '56 hrc', '16 cm', 'fHC4VWzReZ0', 9, NULL, 0, NULL, 1),
(16, 'rasoirs', '3 Claveles', '3 C ciseaux ongles bébé', 'Idéal pour ne pas riquer de blesser le jeune enfant ou le bébé, design 3 Claveles', 'cispninos.jpg', NULL, NULL, NULL, 'fHC4VWzReZ0', 8, NULL, 0, NULL, 1),
(17, 'rasoirs', '3 Claveles', '3 C pince ongles incarnés', 'La Pince à ongles incarnés des laboratoires 3 Claveles est conçut pour atteindre les ongles qui ont tendance à se courber et qui sont difficile à couper avec les pinces traditionnelles.', 'cisppince1.jpg', NULL, NULL, NULL, 'fHC4VWzReZ0', 26, NULL, 0, NULL, 1),
(18, 'rasoirs', '3 Claveles', '3 C pince américanos', '3 Claveles , prise en main facile, longues branches pour un maximum de pression de coupe', 'cisppince3.jpg', NULL, NULL, NULL, 'fHC4VWzReZ0', 24, NULL, 0, NULL, 1),
(19, 'ustensiles', '3 Claveles', '3 C casse-noix', '3 Claveles ', 'cuccnoix.jpg', NULL, 'inox', NULL, 'fHC4VWzReZ0', 8, NULL, 0, NULL, 1),
(20, 'ustensiles', '3 Claveles', '3 C épluche légumes', '3 Claveles , l\'outil indispensable', 'epluch.jpg', 'plastique blanc', NULL, NULL, 'fHC4VWzReZ0', 4, NULL, 0, NULL, 1),
(22, 'ustensiles', '3 Claveles', '3 C ouvre-boîtes', 'Ouvre-boîtes classique, costaud , ergonomique et design 3 claveles', 'opboites.jpg', NULL, NULL, NULL, 'fHC4VWzReZ0', 19, NULL, 0, NULL, 1),
(23, 'ustensiles', '3 Claveles', '3 C ouvre-boîtes hard', '3 Claveles , conçu pour venir à bout des couvercles épais', 'teneza.jpg', NULL, NULL, NULL, 'fHC4VWzReZ0', 9, NULL, 0, NULL, 1),
(24, 'ustensiles', '3 Claveles', '3 C tire-bouchons', '3 Claveles , l\'indestructible tire-bouchons classique. ', 'tireb.jpg', NULL, NULL, NULL, 'fHC4VWzReZ0', 15, NULL, 0, NULL, 1),
(25, 'rasoirs', '3 Claveles', '3 C ciseaux 9,5 \" multi usage', '3 Claveles, ideaux pour les tailleurs et garnisseurs, prise en main confortable , convient pour le tissu.', 'cortadora.jpg', NULL, 'inox', '24 cm', 'fHC4VWzReZ0', 32, NULL, 0, NULL, 1),
(26, 'ustensiles', '3 Claveles', '3 C ouvres-boîtes + tire-bouchons', '3 Claveles, ensemble de première qualité, 15% - cher par rapport au prix des articles cvendu individuellement', '13.jpg', NULL, 'inox', NULL, 'fHC4VWzReZ0', 24, NULL, 0, NULL, 1),
(742, 'canifs', '5.11', '5.11 surge Mike Vellekamp design tanto', 'Couteau tactique, léger : 142 gr ', 'c3a61576ab9964.jpg', 'zytel', 'aus-8', 'lame : 9,5 cm     total : 22 cm', NULL, 39, '!! Quantité limitée !!', 0, 89, 1),
(28, 'rasoirs', '3 Claveles', '3 C ensemble ciseaux luxe titan', '3 Claveles comprend la référence titan-3c-effil + titan-3c-coupe avec une réduction de 15% sur l\'ensemble', 'titankit.jpg', NULL, '60 hrc', '5,5\"', 'fHC4VWzReZ0', 180, NULL, 0, NULL, 1),
(30, 'table', 'A.Chosson', 'Thiers assort. 6 pièces col', 'Création Arthaud Chosson à Thiers, magnifique couteaux de table, abiance colorée', 'thierscolor.jpg', 'Plastique transparant avec motifs 6 couleurs', 'inox', '22 cm', NULL, 229, NULL, 0, NULL, 1),
(31, 'table', 'A.Chosson', 'Thiers assort. 6 pièces n&b', 'Création Arthaud Chosson à Thiers, magnifique couteaux de table, ambiance noir et blanc', 'thiersbw.jpg', 'Platique transparent avec motifs Black & white', 'inox', '22 cm', NULL, 217, NULL, 0, NULL, 1),
(40, 'canifs', 'A.Monteiro', 'Monteiro oranger 10 cm', 'Coutellerie du Barry par Antoine Monteiro, petit laguiole, 10 cm fermé.', 'orange10.jpg', 'Oranger', '12c27', 'manche 10 cm, lame 8,5 cm', NULL, 65, NULL, 0, NULL, 1),
(52, 'canifs', 'Benchmade', 'Benchmade onslaught', NULL, 'onslaught.jpg', 'g10', '154 cpm', 'ouvert : 24,5 cm', '', 259, NULL, 0, NULL, 1),
(54, 'canifs', 'Benchmade', 'Benchmade H.D.', 'Harley Davidon serie', 'bm13100.jpg', 'g10', 'D2', 'ouvert : 22,8 cm', '', 259, NULL, 0, NULL, 1),
(55, 'canifs', 'Benchmade', 'Benchmade griptilian mini', NULL, 'ed40e07bba1066.jpg', 'noryl gtx', '154 cpm', 'lame : 7,3 cm', '', 110, NULL, 0, NULL, 1),
(740, 'rasoirs', 'KAI', 'KAI 5210', 'ciseaux de couture professionnelle KAI', '0b0ec9da978f3c.jpg', 'nylon', NULL, '8 inches (20,5 cm)', NULL, 35, NULL, 0, NULL, 1),
(57, 'canifs', 'Benchmade', 'Benchmade adamas', NULL, '275dt.jpg', 'g10', 'D2', 'lame : 10 cm', 'RSMhxSHqERk', 259, NULL, 0, NULL, 1),
(58, 'canifs', 'Benchmade', 'Benchmade adamas black', 'limited edition', '275bk.jpg', 'g10', 'D2', 'lame : 10 cm', 'RSMhxSHqERk', 259, NULL, 0, NULL, 0),
(59, 'canifs', 'Benchmade', 'Benchmade pen grey', 'Cap Snaps Securely Both Open and Closed with Internal O-Ring Fitting,  Charcoal Anodized Body / Blue Pen Grip, CNC Machined 6061 T-6, Aluminum Body, Cap, and Grip, Removable BP-1 Coated Stainless Clip, Replaceable Fisher Space Pen Ink Cartridges, Blue Ink', 'pengray.jpg', NULL, NULL, '13,4 cm', '8mYdoSar0Xg', 60, NULL, 0, 120, 1),
(60, 'canifs', 'Beretta', 'Alum airlight', 'collector', 'be639.jpg', 'Aluminium', 'aus-8', '22 cm', NULL, 99, NULL, 0, 160, 1),
(62, 'militaria', 'BlackJack', 'BlackJack 125nm', 'Blackjack Classic Knives, proudly made in the USA by Bark River Knife and Tool, are designed to perform in the woods, excel in tactical applications and meet the challenges of front-line military service. They\'re all time-tested patterns, hand-ground and finished with the kind of care you demand in a go-to blade.\r\n\r\nBlackjack Knives Classic series is Blackjack\'s premier line. They are all made in the USA from top quality materials and are equal to or superior to the finest knives anywhere in the world.\r\n\r\nEach Blackjack knife is as nice as many customs on the market, but priced for users. These are knives have convex blades, so they hold an edge exceptionally well and slice like no other.', 'bcb125nm.jpg', 'Micarta brun', 'A2', '24 cm', 'hBE23DFhJVA', 245, 'Couteau de chasse et outdoor', 0, NULL, 1),
(63, 'militaria', 'BlackJack', 'Blackjack jet pilot', 'Blackjack Classic Knives, proudly made in the USA by Bark River Knife and Tool, are designed to perform in the woods, excel in tactical applications and meet the challenges of front-line military service. They\'re all time-tested patterns, hand-ground and finished with the kind of care you demand in a go-to blade.\r\nBlackjack Knives Classic series is Blackjack\'s premier line. They are all made in the USA from top quality materials and are equal to or superior to the finest knives anywhere in the world.\r\nEach Blackjack knife is as nice as many customs on the market, but priced for users. These are knives have convex blades, so they hold an edge exceptionally well and slice like no other.', 'model15.jpg', 'micarta brun', 'A2', 'lame : 14 cm', NULL, 272, NULL, 0, NULL, 1),
(68, 'canifs', 'Boker', 'Boker magnum padre', NULL, 'bom005.jpg', 'Bois de rose', '440', '8,8 cm fermé', NULL, 24, NULL, 0, NULL, 1),
(69, 'ustensiles', 'Boker', 'Boker chef ceramic 15 cm', NULL, '130c5s.jpg', 'Ebène', 'Ceramic noir', 'lame 15 cm', NULL, 79, NULL, 0, NULL, 1),
(72, 'militaria', 'Boker', 'Boker minx', 'Couteau de chasse et utilitaire', 'Boker Minx.jpg', 'Hêtre stabilisé', 'cpm S35VN', '15,8 cm', '3LIt-ocNtoE', 335, 'Couteau  ! collector !', 0, NULL, 1),
(73, 'militaria', 'Boker', 'Boker arbolito bowie', 'Couteau de chasse et outdoor', 'bo597.jpg', 'Bois de Guayacan', '440', '36 cm', NULL, 209, NULL, 0, NULL, 1),
(77, 'canifs', 'Boker', 'Boker + claw', NULL, 'bclaw.jpg', '440cc', '440c', 'lame : 3 cm', NULL, 49, NULL, 0, NULL, 1),
(80, 'canifs', 'Boker', 'Boker + anti-grav', NULL, 'bop036.jpg', 'fibre de carbone', 'hi-tech black ceramic', 'fermé : 11,4 cm, lame = 7,9 cm', '', 65, NULL, 0, NULL, 1),
(82, 'canifs', 'Boker', 'Boker + Jim wagner', NULL, 'bo050.jpg', 'FRN ', '440c', 'ouvert: 22,8 cm', NULL, 99, NULL, 0, NULL, 1),
(87, 'canifs', 'Buck', 'Buck scholar', NULL, '326.jpg', 'acier', '440a', 'lame 4,37', '', 18, NULL, 0, NULL, 1),
(88, 'canifs', 'Buck', 'Buck nobleman', NULL, '327.jpg', 'acier', '440a', 'lame 6,55', '', 19, NULL, 0, NULL, 1),
(92, 'canifs', 'Buck', 'Buck summit', NULL, '760bk.jpg', 'thermoplastic, aluminium', '420 hc', 'fermé 10 cm', 'ioR2SGrXtso', 48, NULL, 0, NULL, 1),
(103, 'canifs', 'Buck', 'Buck vantage pro', NULL, 'vantage pro.jpg', 'Fibre de verre renforcées au nylon', 'cpm S30V', 'fermé : 11,3 cm', 'C5OXIpJOmSs', 110, NULL, 0, NULL, 1),
(106, 'canifs', 'Buck', 'Buck stockman', NULL, 'bu301rws.jpg', 'bois de rose', '420hc', 'lame : 9,6 cm', NULL, 59, NULL, 0, NULL, 0),
(107, 'canifs', 'Buck', 'Buck chairman', 'Buck Chairman Series Folding Hunter. 4 7/8\" closed lockback. 3 3/4\" 420HC stainless clip blade. Cherry Dymondwood handles with nickel silver bolsters. Front handle has inlay shield and back handle features Chuck Buck signature etching. Black nylon belt sheath.', 'bu110cwsnk.jpg', 'cherrywood + mitre nickel', '420 hc', 'lame : 9,5 cm', NULL, 145, NULL, 0, NULL, 0),
(111, 'canifs', 'Buck', 'Buck vantage paperstone', NULL, '345bls.jpg', 'paperstone', '420hc', 'lame : 8,2 cm', NULL, 42, NULL, 0, NULL, 0),
(114, 'militaria', 'Buck creek', 'Buckcreek skinner', 'Couteau de chasse', 'bucreek.jpg', 'Bois', '420', '25 cm', NULL, 74, NULL, 0, NULL, 1),
(115, 'flashlight', 'Bushnell', 'Bushnell binocular trophy xlt 8*42', 'La référence en ornithologie<br/>\r\nModèle : 234208<br/>\r\nGrossissement x Diamètre de l\'objectif (mm) :\r\n8x 42<br/>\r\nTaille : \r\nStandard<br/>\r\nMise au point : \r\nCentrale<br/>\r\nType de prismes : \r\nEn toit<br/>\r\nVerre des prismes : \r\nBaK-4<br/>\r\nTraitement des lentilles : \r\nMulti toutes surfaces<br/>\r\nChamp de vision (ft.@1000yds / m@1000m) : \r\n393 / 131<br/>\r\nDistance mini de mise au point (ft. / m) : \r\n7.5 / 2.3<br/>\r\nPupille de sortie (mm) : \r\n5.3<br/>\r\nDégagement oculaire (mm) :\r\n17.5<br/>\r\nOeilletons :\r\nTwist-Up<br/>\r\nEtanche / Antibuée :\r\nOui<br/>\r\nAdaptable sur trépied :\r\nOui<br/>\r\nRainguard® HD :\r\nNon<br/>\r\nCouleur : \r\nVert<br/>\r\nPoids (oz. / g) :\r\n25 / 765', 'xlt842b.jpg', NULL, NULL, '8 * 42 , (la video présente les 8*32)', 'VoQ32DjiwJQ', 249, NULL, 0, NULL, 0),
(116, 'flashlight', 'Bushnell', 'Bushnell binocular trophy   8*56', 'Modèle : \r\n230856<br/>\r\nGrossissement x Diamètre de l\'objectif (mm) : \r\n8x 56<br/>\r\nTaille : \r\nStandard<br/>\r\nMise au point : \r\nCentrale<br/>\r\nType de prismes : \r\nEn toit<br/>\r\nVerre des prismes : \r\nBaK-4<br/>\r\nTraitement des lentilles : \r\nMulti toutes surface<br/>s\r\nChamp de vision (ft.@1000yds / m@1000m) : \r\n346 / 115<br/>\r\nDistance mini de mise au point (ft. / m) : \r\n6.5 / 2<br/>\r\nPupille de sortie (mm) : \r\n7.0<br/>\r\nDégagement oculaire (mm) : \r\n17.5<br/>\r\nOeilletons : \r\nTwist-Up<br/>\r\nEtanche / Antibuée : \r\nOui<br/>\r\nAdaptable sur trépied : \r\nOui<br/>\r\nCouleur : \r\nVert<br/>\r\nPoids (oz. / g) : \r\n34 / 960', 'trophy856b.jpg', NULL, NULL, NULL, NULL, 450, NULL, 0, NULL, 1),
(124, 'canifs', 'Camillus', 'Camillus heat 3.5', NULL, 'cm917.jpg', 'zytel', '440', 'ouvert : 20 cm', NULL, 49, NULL, 0, NULL, 1),
(125, 'canifs', 'Camillus', 'Camillus sizzler serrated', NULL, 'cm2324b.jpg', 'zytel', 'aus-8', 'ouvert : 14 cm', NULL, 29, NULL, 0, NULL, 1),
(129, 'canifs', 'Case', 'Case 4 Blue', NULL, 'c5083.jpg', 'Os bleu', '440c', 'fermé :7,50 cm', '', 104, '', 0, NULL, 1),
(131, 'canifs', 'Case', 'Case damas', NULL, 'c5711.jpg', 'Os Brûlé', 'damas', 'fermé: 8,4 cm', '', 196, '', 0, NULL, 0),
(133, 'canifs', 'Case', 'Case tigre', NULL, 'c8622.jpg', 'Os tigré', '440c', 'fermé: 8,40 cm', '', 112, '', 0, NULL, 1),
(134, 'canifs', 'Case', 'Case zèbre', NULL, 'c8933.jpg', 'Os zèbré', '440c', 'fermé: 8,40 cm', '', 99, '', 0, 149, 1),
(135, 'canifs', 'Case', 'Case orange g10', NULL, '36f288134dc7d9.JPG', 'G10', 'inox', 'fermé : 10,5 cm', '', 129, '', 0, NULL, 1),
(136, 'canifs', 'Case', 'Case espadon', NULL, 'ca8682-190.jpg', 'Os stabilisé bleu', 'inox', 'fermé : 12 cm', '', 199, '', 0, NULL, 1),
(142, 'type301', 'Chroma', 'Type 301 couteau à pain', 'Le couteau Type 301 de Chroma a depuis 2002 trouvé de nombreux adeptes dans le monde entier y compris les centres de formation Alain Ducasse.', 'cuccippain.jpg', 'acier léger moulé', 'inox molybdène vanadium : 0,7 % de carbone et 56 H', 'lame 20 cm', '', 62, NULL, 0, NULL, 1),
(143, 'type301', 'Chroma', 'Type 301 chef santoku', 'Le couteau Type 301 de Chroma a depuis 2002 trouvé de nombreux adeptes dans le monde entier y compris les centres de formation Alain Ducasse.', 'cuccpchefjapon.jpg', 'acier léger moulé', 'inox molybdène vanadium : 0,7 % de carbone et 56 H', 'lame 17,8 cm', '', 75, NULL, 0, NULL, 1),
(144, 'type301', 'Chroma', 'Type 301 grand chef', 'Le couteau Type 301 de Chroma a depuis 2002 trouvé de nombreux adeptes dans le monde entier y compris les centres de formation Alain Ducasse.', 'cuccpgdchef.jpg', 'acier léger moulé', 'inox molybdène vanadium : 0,7 % de carbone et 56 H', 'lame 22 cm', '', 79, NULL, 0, NULL, 1),
(146, 'type301', 'Chroma', 'Type 301 fourchette + trancheur', 'Le couteau Type 301 de Chroma a depuis 2002 trouvé de nombreux adeptes dans le monde entier y compris les centres de formation Alain Ducasse.', 'cuccpsetde2.jpg', 'acier léger moulé', 'inox molybdène vanadium : 0,7 % de carbone et 56 H', NULL, '', 124, NULL, 0, NULL, 1),
(147, 'type301', 'Chroma', 'Type 301 trancheur', 'Le couteau Type 301 de Chroma a depuis 2002 trouvé de nombreux adeptes dans le monde entier y compris les centres de formation Alain Ducasse.', 'cuccptrancheur.jpg', 'acier léger moulé', 'inox molybdène vanadium : 0,7 % de carbone et 56 H', 'lame 19,23', '', 64, NULL, 0, NULL, 1),
(151, 'militaria', 'Citadel', 'Citadel le nordic', 'pièce unique, couteau de chasse forgé', 'bnordic.jpg', 'lagestroemia, marqueterie et bague gravée', 'XC75', '19 cm', NULL, 229, NULL, 0, NULL, 1),
(152, 'canifs', 'Cognet', 'douk-douk color vet', 'version verte', 'ddcolor.jpg', 'metal chromé', '440', '20 cm', 'q4GTZQcFmqc', 32, NULL, 0, NULL, 1),
(153, 'canifs', 'Cognet', 'douk-douk color bleu', 'version bleu', 'ddcolor.jpg', 'metal chromé', '440', '20 cm', 'q4GTZQcFmqc', 32, NULL, 0, NULL, 0),
(154, 'canifs', 'Cognet', 'douk-douk color jaune', 'version jaune', 'ddcolor.jpg', 'metal chromé', '440', '20 cm', 'q4GTZQcFmqc', 32, NULL, 0, NULL, 1),
(162, 'canifs', 'Cognet', 'douk-douk classic 16 cm', NULL, 'baraka.jpg', 'acier chromé', 'xc75', '16 cm', 'q4GTZQcFmqc', 19, NULL, 0, NULL, 1),
(164, 'militaria', 'COLD STEEL', 'Cold Steel tokyo spike', NULL, '53hs.jpg', 'acier + corde noir', '420 sub zero', '20 cm', '', 39, NULL, 0, NULL, 1),
(169, 'canifs', 'COLD STEEL', 'Cold Steel poket bushman', 'Cold Steel Pocket Bushman. 5 3/4\" closed. Krupp 4116 stainless blade with thumb studs. Ram Safe lock features a unique, self adjusting ram that moves forward as the knife is opened and wedges itself tightly between the tang cut away called the \"shelf\" and the \"U\" shaped \"roof\" of the handle. 420 stainless handles with bead blast finish feature the mono block construction method famously used in the French Douk line of knives. Designed by Andrew Demko.', 'cs95fb.jpg', 'acier 420', '4116', 'fermé :14,5 cm', NULL, 34, NULL, 0, NULL, 1),
(171, 'militaria', 'COLD STEEL', 'Cold Steel counter tac', NULL, 'cs10bc.jpg', 'Kraton', 'aus-8', '23,5 cm', NULL, 110, NULL, 0, NULL, 1),
(178, 'militaria', 'COLD STEEL', 'Cold Steel bowie spike', NULL, '53bs.jpg', 'acier + corde noir', '420 sub zero', '20 cm', NULL, 39, NULL, 0, NULL, 1),
(179, 'militaria', 'COLD STEEL', 'Cold Steel spike (the)', NULL, '53cc.jpg', 'acier + corde noir', '420 sub zero', '20 cm', '', 39, NULL, 0, NULL, 1),
(180, 'militaria', 'COLD STEEL', 'Cold Steel talon spike', NULL, '53ch.jpg', 'acier + corde noir', '420 sub zero', '20 cm', '', 29, NULL, 0, 39, 1),
(181, 'militaria', 'COLD STEEL', 'Cold Steel tanto spike', NULL, '53ct.jpg', 'acier + corde noir', '420 sub zero', '20 cm', '', 39, NULL, 0, NULL, 1),
(182, 'militaria', 'COLD STEEL', 'Cold Steel spike scottich', NULL, '53sds.jpg', 'acier + corde noir', '420 sub zero', '20 cm', NULL, 39, NULL, 0, NULL, 1),
(196, 'canifs', 'COLD STEEL', 'Cold Steel mackinac hunter', NULL, '54fbt.jpg', 'os travaillé', 'aus-8', 'lame : 8,5 cm', '', 75, NULL, 0, NULL, 1),
(198, 'canifs', 'COLD STEEL', 'Cold Steel ti-lite al', NULL, 'cs26ast.jpg', 'aluminium', 'aus-8', 'lame : 10 cm', NULL, 99, NULL, 0, NULL, 1),
(200, 'canifs', 'COLD STEEL', 'Cold Steel ak47', NULL, 'cs58tmak.jpg', 'g10', 'aus-8', 'lame: 7,5  cm', NULL, 51, NULL, 0, NULL, 0),
(201, 'canifs', 'COLD STEEL', 'Cold Steel hold out', NULL, '11hl.jpg', 'g10', 'aus-8', 'lame : 10 cm', NULL, 59, NULL, 0, 91, 0),
(202, 'canifs', 'COLD STEEL', 'Cold Steel kudu', NULL, 'kudu.jpg', 'zytel', '4116 krupp', 'lame : 10,5 cm', NULL, 9, NULL, 0, NULL, 1),
(203, 'canifs', 'COLD STEEL', 'Cold Steel voyager vaquero large', NULL, '29tlv.jpg', 'grivory', 'aus-8', 'lame : 10,2 cm', NULL, 69, NULL, 0, NULL, 1),
(210, 'table', 'Contemporary ', 'Ménagère collection', '24 pièces English design en acier inox 18/10', 'service luxe.jpg', 'Inox', NULL, NULL, NULL, 120, NULL, 0, NULL, 1),
(215, 'militaria', 'CRKT', 'CRKT kommer killbuck', 'coutteau de chasse', 'cr2810.jpg', 'black micarta', '4116', '19, 7 cm', NULL, 48, NULL, 0, NULL, 1),
(216, 'canifs', 'CRKT', 'CRKT snap fire', NULL, 'cr50.jpg', 'aluminium t6, nitride de titane.', 'aus-8', 'fermé :9,5 cm', NULL, 89, NULL, 0, NULL, 1),
(219, 'canifs', 'CRKT', 'CRKT glide lock', NULL, 'cr7420.jpg', 'cpl composite', 'aus-4', 'fermé : 9,3', 'CEafe_JTk8g', 28, NULL, 0, NULL, 1),
(220, 'canifs', 'CRKT', 'CRKT desert', NULL, 'crm1-13d.jpg', 'g10', 'aus-8', '19 cm ouvert', NULL, 79, NULL, 0, NULL, 1),
(221, 'canifs', 'CRKT', 'CRKT red tanto', NULL, 'crm16-12fd.jpg', 'Zytel', 'aus-8', '18,45 cm ouvert', NULL, 80, NULL, 0, NULL, 1),
(232, 'canifs', 'CRKT', 'CRKT swindle', NULL, 'swindle.jpg', 'inox', '8cr14mov', 'lame : 8,25 cm', NULL, 48, '', 0, NULL, 1),
(233, 'canifs', 'CRKT', 'CRKT hissatsu', NULL, 'hissatsu.jpg', 'zytel', 'aus-8', 'fermé :12,7 cm', NULL, 99, NULL, 0, NULL, 1),
(234, 'canifs', 'CRKT', 'CRKT hissatsu 2', NULL, 'hissatsu2.jpg', 'zytel', '8cr14mov', 'fermé : 10 cm', NULL, 98, NULL, 0, NULL, 1),
(238, 'rasoirs', 'Dovo', 'Dovo black tattoo 6\"', NULL, '2046075.jpg', NULL, '58 hrc', NULL, NULL, 69, NULL, 0, NULL, 1),
(239, 'rasoirs', 'Dovo', 'Dovo black tattoo 5,5 \"', NULL, '2045575.jpg', NULL, '58 hrc', NULL, NULL, 69, NULL, 0, NULL, 1),
(240, 'rasoirs', 'Dovo', 'Dovo black oxyde 5,5\"', NULL, '4554.jpg', NULL, '58 hrc', NULL, NULL, 59, NULL, 0, NULL, 1),
(241, 'rasoirs', 'Dovo', 'Dovo elitaire 5,5 \"', NULL, '240556.jpg', NULL, '60 hrc', NULL, NULL, 87, NULL, 0, NULL, 1),
(242, 'rasoirs', 'Dovo', 'Dovo back sculpter 5,25 \"', NULL, '50405485.jpg', NULL, '58 hrc', NULL, NULL, 68, NULL, 0, NULL, 1),
(243, 'rasoirs', 'Dovo', 'Dovo sculpter high std 5,5 \"', NULL, '53832558.jpg', NULL, '60 hrc', NULL, NULL, 102, NULL, 0, NULL, 1),
(245, 'rasoirs', 'Dovo', 'Dovo toilettage animaux', NULL, '111659.jpg', NULL, NULL, NULL, NULL, 56, NULL, 0, NULL, 1),
(251, 'rasoirs', 'Dovo', 'Rasoir droit Dovo ébène', NULL, '4580.jpg', 'Ebène', 'acier non. Inox', NULL, '3ACJrAI3SxM', 127, NULL, 0, NULL, 1),
(253, 'rasoirs', 'Dovo', 'Dovo pince à envies', NULL, '402051.jpg', 'inox', NULL, NULL, NULL, 39, NULL, 0, NULL, 1),
(255, 'canifs', 'DPX', 'Dpx Hest folder 2.00 (collector)', NULL, 'dpxhest.jpg', 'titan + g10', 'D2', 'fermé : 11 cm', 'P_FbkrNA8sI', 219, NULL, 0, 270, 1),
(258, 'canifs', 'Eickhorn', 'Eickhorn prt II', NULL, 'eickhorn-prt2.jpg', 'aluminium + insert résine', '440b', 'fermé : 12 cm', NULL, 99, NULL, 0, NULL, 1),
(263, 'militaria', 'ESEE', 'ESEE izula para cord OD Green', NULL, '5bb0ed6ec09a0b.jpg', '1095 + paracord', '1095 carbon steel', '15,8 cm', 'EXWFxzCJ8hE', 99, NULL, 0, NULL, 0),
(265, 'militaria', 'ESEE', 'ESEE junglas', NULL, 'junglas.jpg', 'orange g10', '1095 carbon steel', '41, 9cm', 'yYpkOTBMVpE', 268, NULL, 0, NULL, 1),
(267, 'militaria', 'ESEE', 'ESEE izula black', NULL, 'rcib.jpg', '1095', '1095 carbon steel', '15,8 cm', NULL, 83, NULL, 0, NULL, 1),
(270, 'aiguisage', 'Eze-Lap', 'Eze-Lap aiguiseur diamant', NULL, 'diamond3.jpg', NULL, NULL, '10 cm X 2,5 cm', NULL, 17, NULL, 0, NULL, 1),
(271, 'table', 'Chroma', 'Type 301, 4 couteaux à steak', '(Japon) type 301, design F.A. Porshe', 'porsche4.jpg', 'acier léger moulé', NULL, NULL, NULL, 160, NULL, 0, NULL, 1),
(280, 'canifs', 'Fontenille pataud', 'Fontenille buffle', NULL, 'lagfontbuffle.jpg', 'corne de buffle', '12c27', 'manche 10 cm', 'aDuLW1ujj8w', 190, NULL, 0, NULL, 1),
(282, 'canifs', 'Fox', 'Fox trendy ', NULL, '252108.jpg', 'cocobolo', '440c', '12 cm', NULL, 75, NULL, 0, NULL, 1),
(283, 'canifs', 'Fox', 'Fox frati oreste damas', NULL, '289912.jpg', 'Titane', 'ats34/pmc27', '20,60 cm', NULL, 485, NULL, 0, NULL, 1),
(285, 'canifs', 'Fox', 'Fox spyder ', NULL, '206508.jpg', 'Racine de bruyère', 'N690 co', '12, 5 cm ouvert', NULL, 86, NULL, 0, NULL, 1),
(295, 'canifs', 'Gerber', 'Gerber hinderer', NULL, 'g1534-110.jpg', 'Zytel', 'inox', 'fermé : 12 cm', 'Oc18cSTnXZs', 129, NULL, 0, NULL, 1),
(299, 'canifs', 'Gerber', 'Gerber ar 3.00', NULL, 'ar3-00.jpg', 'aluminium champagne + rubber', '440a', '10 cm fermé', NULL, 32, NULL, 0, NULL, 1),
(301, 'sabre', 'Gladius', 'Katana shimazu', NULL, '144973.jpg', 'Bois', '440', 'lame 72 cm', NULL, 160, NULL, 0, NULL, 0),
(303, 'canifs', 'Hartkopf', 'Hartkopf classique', NULL, '324010.jpg', 'corne', '4110', '17 cm', NULL, 74, NULL, 0, NULL, 1),
(305, 'canifs', 'Hartkopf', 'Hartkopf rotholz', NULL, '324810.jpg', 'Satine-rotholz (bois sud-américain)', '4034', 'fermé : 10 cm', NULL, 72, NULL, 0, NULL, 1),
(306, 'canifs', 'Hartkopf', 'Hartkopf inox', NULL, '327409.jpg', 'Inox', '4034', 'fermé 8,5 cm', NULL, 44, NULL, 0, NULL, 1),
(307, 'table', 'Hd international', 'Côte à l\'os', NULL, 'hdbubinga.jpg', 'bubinga', NULL, NULL, NULL, 10.5, NULL, 0, NULL, 1),
(308, 'rasoirs', 'Henckels', 'Henckels broderie', NULL, 'hk05730.jpg', NULL, 'inox', '10 cm', NULL, 18, NULL, 0, NULL, 1),
(313, 'canifs', 'Herbertz', 'Herb laguiole', NULL, '436b6f3768c373.jpg', 'aluminium', '420', 'manche 13 cm', NULL, 39, NULL, 0, NULL, 1),
(315, 'canifs', 'Herbertz', 'Herb bl.pocket', NULL, '221107.jpg', 'g10', '420', '15,30 cm', NULL, 15, NULL, 0, NULL, 1),
(318, 'rasoirs', 'Herbertz', 'Herbertz ciseaux à barbe', NULL, 'ciscoifbarb.jpg', NULL, NULL, NULL, NULL, 9, NULL, 0, NULL, 1),
(323, 'rasoirs', 'Herbertz', 'Herb couture 8\"', NULL, 'ciscout1.jpg', NULL, NULL, '8', NULL, 34, NULL, 0, NULL, 1),
(327, 'rasoirs', 'Herbertz', 'Herbertz pince ongles', NULL, 'cisppince2.jpg', NULL, NULL, NULL, NULL, 12, NULL, 0, NULL, 1),
(331, 'canifs', 'Hogue', 'Hogue tactical green folder', 'grand modèle', 'ho34158.jpg', 'G10- od green camo (collector)', '154 cpm', 'fermé : 12,7 cm', 'VqY7mbAKKgo', 280, NULL, 0, NULL, 1),
(333, 'canifs', 'Indian Head', 'Rough smooth bone', NULL, 'ih14.jpg', 'Os coloré', 'inox', 'fermé : 12 cm', NULL, 29, NULL, 0, NULL, 1),
(335, 'canifs', 'Ka-bar', 'ka-bar fin framelock', NULL, 'ka5550.jpg', 'Acier', 'aus-8', 'fermé : 10,5 cm', NULL, 84, NULL, 0, NULL, 1),
(350, 'canifs', 'Ka-bar', 'Ka-bar dog\'s head', NULL, 'ka6199.jpg', 'os', 'D2', 'lame : 9 cm', NULL, 179, NULL, 0, NULL, 1),
(353, 'canifs', 'Katz', 'Katz special force', NULL, 'katzspecialf.jpg', 'G10', 'XT 80', '17 cm', NULL, 89, NULL, 0, NULL, 1),
(355, 'canifs', 'Kershaw', 'Kershaw scallion flag', NULL, 'ks1620flg.jpg', 'aluminium', '420hc', 'fermé : 8,9 cm', NULL, 46, NULL, 0, NULL, 1),
(356, 'canifs', 'kissing crane', 'Kc coaler miner', NULL, 'kc44cm.jpg', 'synthétique', 'inox', 'fermé : 10 cm', NULL, 19, NULL, 0, NULL, 1),
(357, 'canifs', 'kissing crane', 'Kc brown mule', NULL, 'kc35.jpg', 'bois', 'inox', 'fermé : 11, 5 cm', NULL, 21, NULL, 0, NULL, 0),
(358, 'table', 'komoran', 'Steak komoran', NULL, 'komoran.jpg', NULL, NULL, NULL, NULL, 48, NULL, 0, NULL, 1),
(359, 'canifs', 'Kyocera', 'Kyocera ceramic folder', NULL, '332908.jpg', 'Aluminium + imitation Aliotis', 'Céramique', 'lame: 5 cm', NULL, 149, NULL, 0, NULL, 1),
(362, 'canifs', 'Laguiole en Aubrac', 'Aubrac chêne 11 cm', '11 cm fermé', 'sauterne11.jpg', 'Chêne de fut de Sauterne et incrustation argent', '12c27', 'manche 11 cm', '', 99, NULL, 0, NULL, 1),
(365, 'canifs', 'Laguiole en Aubrac', 'Aubrac bélier 12 cm', 'Laguiole en Aubrac, 12 cm fermé', 'cornbelier.jpg', 'corne de bélier', '12c27', 'manche 12 cm', '', 99, NULL, 0, NULL, 1),
(366, 'canifs', 'Laguiole en Aubrac', 'Aubrac cerf 12 cm', 'Laguiole en Aubrac, 12 cm fermé', 'corncerf.jpg', 'bois de cerf', '12c27', 'manche 12 cm', '', 99, NULL, 0, NULL, 1),
(368, 'table', 'Laguiole en Aubrac', 'Steak laguiole1', NULL, 'laguiole.jpg', 'bois de rose', NULL, NULL, '', 269, NULL, 0, NULL, 1),
(371, 'canifs', 'Laguiole en Aubrac', 'Aubrac pm buis pl 12 cm', 'plein manche ', 'plbuis.jpg', 'buis pyrogravé', 'acier non. Inox', 'manche 12 cm', '', 120, NULL, 0, NULL, 1),
(372, 'canifs', 'Laguiole en Aubrac', 'Aubrac pm Inox 12 cm', 'plein manche', 'plinox.jpg', 'inox', '12c27', 'manche 12 cm', '', 120, '', 0, NULL, 1),
(379, 'canifs', 'Laguiole en Aubrac', 'Aubrac tb wenge 12 cm', 'Laguiole en Aubrac, 12 cm fermé, tire-bouchons', '2pwenge.jpg', 'wenge', '12c27', 'manche 12cm', '', 129, NULL, 0, NULL, 1),
(386, 'canifs', 'Laguiole en Aubrac', 'Sommelier bois de rose', 'Sommelier professionnel en bois de rose, livré dans une boîte cadeau', 'somrose.jpg', 'Bois de rose', 'inox', NULL, '', 120, NULL, 0, NULL, 1),
(387, 'canifs', 'Laguiole en Aubrac', 'Sommelier buis', 'Sommelier professionnel en buis, livré dans une boîte cadeau', 'sombuis.jpg', 'Buis', 'inox', NULL, '', 125, NULL, 0, NULL, 1),
(389, 'canifs', 'Laguiole en Aubrac', 'Sommelier chêne', 'Sommelier professionnel en bois de chêne, livré dans une boîte cadeau', 'somchen.jpg', 'Chêne', 'inox', NULL, '', 120, NULL, 0, NULL, 1),
(395, 'canifs', 'Lion Steel', 'Lion Steel mini olivier', NULL, 'lsminiol.jpg', 'olivier', '440c', 'lame : 6 cm', NULL, 69, NULL, 0, NULL, 1),
(396, 'canifs', 'Lion Steel', 'Lion Steel  mini damas', NULL, 'lsminidam.jpg', 'corne de buffle', 'damas 67 couches', 'lame : 6 cm', NULL, 199, NULL, 0, NULL, 1),
(398, 'flashlight', 'Maglite', 'Maglite xenon bleu', NULL, 's2d116.jpg', 'acier', NULL, NULL, NULL, 32, NULL, 0, NULL, 1),
(399, 'flashlight', 'Maglite', 'Maglite led red', NULL, 'st2d036.jpg', 'acier', NULL, NULL, NULL, 56, NULL, 0, NULL, 1),
(403, 'flashlight', 'Maglite', 'Maglite mini pro led back', '2 X AA batteries, upt to 223 lumen with a 2h30 runtime', 'ml55021.jpg', 'aluminium', NULL, '16,5 cm', NULL, 38, NULL, 0, NULL, 1),
(406, 'mercury', 'Mercury', 'Mercury 980', NULL, '980.jpg', 'Bois decerf', 'Z50CD15', 'fermé : 10 cm', NULL, 69, NULL, 0, NULL, 1),
(408, 'militaria', 'Mora', 'Mora bushcraft', 'couteau bushcraft', 'mbushcraft.jpg', 'rubber + green core', 'swedish carbon', 'lame : 10,5 cm', 'DokUQxb2NuI', 55, NULL, 0, NULL, 1),
(410, 'militaria', 'Mora', 'Mora clipper army', NULL, 'clipper.jpg', 'polymer', 'swedish inox', 'lame: 10 cm', 'vPLWvz_fNKI', 22, NULL, 0, NULL, 1),
(412, 'canifs', 'Muela', 'Muela collector siglo XVIII', NULL, 'mb9m.jpg', 'Ebène', '440b', 'lame 8,5 cm', NULL, 130, '', 0, NULL, 0),
(417, 'militaria', 'Muela', 'Muela skinner', 'Couteau de chasse', 'muela skinner-36.jpg', 'Kraton', 'inox/molybdène-vanadium', '20 cm', NULL, 36, NULL, 0, NULL, 1),
(419, 'militaria', 'Muela', 'Muela sioux', 'Couteau de chasse', 'sioux.jpg', 'Olivier', '440b', 'lame : 10cm', NULL, 67, NULL, 0, NULL, 1),
(421, 'rasoirs', 'MUHLE', 'Blaireau black-nickel', NULL, 'm316.jpg', NULL, NULL, NULL, NULL, 39, NULL, 0, NULL, 1),
(429, 'rasoirs', 'MUHLE', 'Bol inox', NULL, 'rn6.jpg', NULL, NULL, NULL, NULL, 11.95, NULL, 0, NULL, 1),
(431, 'rasoirs', 'MUHLE', 'Rasoir Muhle ensemble corne ', NULL, 'm312.jpg', NULL, NULL, NULL, NULL, 79, NULL, 0, NULL, 1),
(434, 'rasoirs', 'MUHLE', 'Savon sanddorn', NULL, 'rssd.jpg', NULL, NULL, NULL, NULL, 5.5, NULL, 0, NULL, 1),
(435, 'rasoirs', 'MUHLE', 'Savon sandeholz', NULL, 'rssh.jpg', NULL, NULL, NULL, NULL, 5.5, NULL, 0, NULL, 1),
(436, 'rasoirs', 'MUHLE', 'Savon av + boîte', NULL, 'rsavschale.jpg', NULL, NULL, NULL, NULL, 22, NULL, 0, NULL, 1),
(439, 'rasoirs', 'MUHLE', 'Miroir', NULL, '31600.jpg', NULL, NULL, NULL, NULL, 19, NULL, 0, NULL, 1),
(449, 'militaria', 'Ontario', 'Ontario trench knife', NULL, 'on8155.jpg', 'cuir', 'black phosphate coated 1095', '30 cm', NULL, 85, NULL, 0, NULL, 1),
(450, 'ustensiles', 'Opinel', 'Opinel 2 offices inox', NULL, 'opinox.jpg', 'bois', 'inox', NULL, NULL, 18, NULL, 0, NULL, 1),
(451, 'ustensiles', 'Opinel', 'Opinel 2 offices carbone', NULL, 'opcarbone.jpg', 'bois', 'acier carbone', NULL, NULL, 18, NULL, 0, NULL, 1),
(453, 'ustensiles', 'Opinel', 'Opinel 4 offices colorés', NULL, 'opcolor.jpg', 'bois coloré', 'inox', '19 cm', NULL, 28, NULL, 0, NULL, 1),
(455, 'table', 'Opinel', 'Opinel pop spirit', NULL, 'popspirit.jpg', 'bois de charme lasuré, rouge, noir ,naturel, béton', '12c27', 'lame : 11 cm', NULL, 35, NULL, 0, NULL, 1),
(456, 'canifs', 'Opinel', 'Opinel outdoor bleu', 'opinel nr 8 ,  lame semi crantée avec démanilleur, sifflet de survie intégré dans le manche (110 db)', 'outdoorbl.jpg', 'manche plastique thermo résistant', '12c27', 'lame : 8,5 cm', NULL, 26, NULL, 0, NULL, 1),
(461, 'canifs', 'Opinel', 'Opinel animalia nr8 bouquetin', 'OPINEL ANIMALIA\r\nGRAVURE BOUQUETIN\r\n& MARMOTTE. N°8, lame\r\ninox, manche en charme\r\ngravé. N°8 roestvrijstaal,\r\nsteenbok en marmotte\r\ngravure, haagbeukhout .', 'bouquetin.jpg', 'charme gravé', '12c27', 'lame : 8cm', NULL, 16, NULL, 0, NULL, 1),
(467, 'canifs', 'Perceval', 'Perceval le français cade', NULL, 'perce.jpg', 'Genévrier Cade', '12c27', '20 cm', 'vNRa5JxRI_s', 135, NULL, 0, NULL, 1),
(470, 'canifs', 'Perceval', 'Perceval l10 mozambique', NULL, 'l010mozamb.jpg', 'ébène du Mozambique', '19c27', 'fermé : 11,5 cm', 'vNRa5JxRI_s', 160, NULL, 0, NULL, 1),
(471, 'ustensiles', 'Point Virgule', 'Point virgule ensemble bbq', 'Ensemble barbecue forgé , conçu par Peter De Clercq, fiabilité , solidité, efficacité sont les maîtres mots. Poids de l\'ensemble : 550 gr', '12.jpg', 'ABS', 'inox', 'fourchette 44,5 cm pince 42 cm', NULL, 37, NULL, 0, NULL, 1),
(473, 'table', 'Pradel', 'Pradel table x 6', NULL, 'pradrivet.jpg', 'plastique', NULL, NULL, NULL, 10, NULL, 0, NULL, 1),
(475, 'table', 'Pradel', 'Pradel table forgé rose', '4 couteaux ', 'tableforges.jpg', 'Synthétique', NULL, NULL, NULL, 48, '', 0, NULL, 1),
(479, 'rasoirs', 'Puma', 'Puma étui rasoir', 'pour rasoir droit', '379000.jpg', 'Simili cuir', NULL, NULL, NULL, 14, NULL, 0, NULL, 1),
(487, 'canifs', 'Queen Cutlery', 'Queen Delrin d2', NULL, 'qn70a.jpg', 'Delrin ambre', 'D2', '16,5 cm', NULL, 56, NULL, 0, NULL, 0),
(488, 'canifs', 'R.Bol', 'Le Thiers marbre', NULL, 'canthiersbol.jpg', 'Marbre synthétique', 'xc75', '21 cm', NULL, 169, NULL, 0, NULL, 1),
(489, 'canifs', 'R.Bol', 'Le Gembloutois', NULL, 'nacre.jpg', 'Nacrine', '12c27', '18 cm', NULL, 130, NULL, 0, NULL, 1),
(490, 'canifs', 'R.Bol', 'Le Gembloutois', NULL, 'slust.jpg', 'Maillechort', '12c27', '18 cm', NULL, 200, NULL, 0, NULL, 1),
(492, 'canifs', 'Remington', 'Remington delrin', NULL, 'delrinr-89.jpg', 'Delrin imit. cervidé', 'inox', 'fermé : 10 cm', NULL, 89, NULL, 0, NULL, 1),
(493, 'canifs', 'Rite Edge', 'RE serpette', NULL, 'su973-12.jpg', 'synthétique', 'inox', NULL, NULL, 12, NULL, 0, NULL, 1),
(496, 'rasoirs', 'Rite edge', 'Cuir à affiler souple', NULL, 'cuir23.jpg', NULL, NULL, NULL, NULL, 39, NULL, 0, NULL, 1),
(497, 'canifs', 'Rough rider', 'Rough abalone', NULL, 'rr359-29.jpg', 'Synthétique imitation Haliotis', 'inox', 'fermé :12 cm', NULL, 29, NULL, 0, NULL, 1),
(498, 'canifs', 'Rough rider', 'Rough micarta', NULL, 'rr360-29.jpg', 'Micarta', 'inox', 'fermé :12 cm', NULL, 29, NULL, 0, NULL, 1),
(499, 'canifs', 'Rough rider', 'Rough congrès', NULL, 'rrgreen-39.jpg', 'Os stabilisé vert', 'inox', 'fermé : 10 cm', NULL, 29, NULL, 0, NULL, 1),
(500, 'canifs', 'Rough rider', 'Pink lockback', NULL, 'pink.jpg', 'aluminium', 'inox', 'fermé : 7,5 cm', NULL, 9, NULL, 0, NULL, 1),
(509, 'ustensiles', 'Sabatier', 'Sabatier kit', 'couteau à beurre et fromage, roulette à pizza et vide pomme', 'cuistrio.jpg', NULL, 'inox', NULL, NULL, 21, NULL, 0, NULL, 1),
(510, 'table', 'Sabatier', 'Sabatier laguiole eco blue', NULL, 'lagblue.jpg', 'abs gris bleu', 'inox', '23 cm', NULL, 24, NULL, 0, NULL, 1),
(512, 'ustensiles', 'Sabatier', 'Sabatier couteau döner kebab', 'Très grand couteau à lame souple , tranchant comme un sabre.', '15.jpg', NULL, 'inox', 'lame : 50 cm', NULL, 24, NULL, 0, NULL, 1),
(513, 'canifs', 'Schrade', 'Schrade large camo', NULL, '136511.jpg', 'Synthétique', '420', '18,70 cm', NULL, 29, NULL, 0, NULL, 1),
(514, 'canifs', 'Schrade', 'Schrade twin blades', NULL, 'sch2bl.jpg', 'synthétique', '420', '17,30 cm', 'S', 14, NULL, 0, NULL, 1),
(515, 'rasoirs', 'Shilling', 'Shilling Kit ongles', NULL, 'clippers.jpg', NULL, NULL, '5 cm sans l\'étui', NULL, 21, NULL, 0, NULL, 1),
(540, 'canifs', 'SOG', 'SOG trident desert camo', NULL, 'sog99038.jpg', 'zytel', 'aus-8', 'lame : 9 cm', NULL, 115, NULL, 0, NULL, 1),
(542, 'canifs', 'SOG', 'SOG flash II camo', NULL, 'flashcamo.jpg', 'zytel', 'aus-8', 'lame : 8,5 cm', NULL, 129, NULL, 0, NULL, 1),
(544, 'canifs', 'SOG', 'SOG topo meridian', NULL, 'm46d.jpg', 'zytel + aluminium', 'aus-8', 'lame : 7,5 cm', NULL, 89, NULL, 0, NULL, 1),
(545, 'canifs', 'SOG', 'SOG facet', NULL, 'facet.jpg', 'fibre de carbone', 'vg10 san mai avec 420j2', 'lame : 7,5 cm', NULL, 320, NULL, 0, NULL, 1),
(547, 'canifs', 'SOG', 'SOG bluto', NULL, 'bluto.jpg', 'aluminium bleuté (collector)', 'vg10', 'lame : 5,5 cm', NULL, 390, NULL, 0, NULL, 1),
(550, 'canifs', 'Spyderco', 'Spyerco police', NULL, 'sc7p.jpg', 'vg10', 'vg10', '24 cm', NULL, 165, NULL, 0, NULL, 1),
(551, 'canifs', 'Spyderco', 'Spyderco delica white', 'collector', 'sc11pswh.jpg', 'white FRN', 'vg10', '11,5 cm (fermé)', NULL, 109, NULL, 0, NULL, 1),
(553, 'canifs', 'Spyderco', 'Spyderco delica 4 zdp', NULL, 'delica4zdp.jpg', 'FRN vert foncé', 'zdp189', 'fermé : 10,30 cm', NULL, 139, NULL, 0, NULL, 1),
(554, 'canifs', 'Spyderco', 'Spyderco military', NULL, 'military.jpg', 'digital g10', 'cpm S30V', '14 cm fermé', NULL, 219, NULL, 0, NULL, 1),
(557, 'canifs', 'Spyderco', 'Spyderco assist black', 'glass breaker + whistle', 'sc79psbbk.jpg', 'black FRN', 'vg10', 'closed : 12 cm', NULL, 139, NULL, 0, NULL, 1),
(560, 'militaria', 'Spyderco', 'Spyderco bushcraft', 'Couteau bushcraft    ! collector !', 'scfb26gp.jpg', 'G10', 'O1 (100mcw4)', '22 cm', NULL, 269, NULL, 0, NULL, 1),
(565, 'canifs', 'Spyderco', 'Spyderco leafstorm', NULL, '128gp.jpg', 'g10', 'cpm S30V', 'lame : 6 cm', NULL, 240, NULL, 0, NULL, 1),
(569, 'canifs', 'Svord', 'Svord zinc orange', 'Svord Peasant Knife. 6 3/4\" closed. Swedish high carbon tool steel blade. Extended blade tang allows for one hand opening. Hang it from your belt or whisk it from your pocket by its handy tang. The Peasant Knife is based on models used in Bohemia and Bavaria 300-400 years ago. Hang packaged.', 'svaluor.jpg', NULL, 'acier carbone non inox', 'fermé : 17 cm, ouvert : 21,2 cm', 'J9TaNB0D--c', 23, NULL, 0, NULL, 1),
(571, 'canifs', 'Svord', 'Svord plastique jaune', 'Svord Peasant Knife. 6 3/4\" closed. Swedish high carbon tool steel blade. Extended blade tang allows for one hand opening. Hang it from your belt or whisk it from your pocket by its handy tang. The Peasant Knife is based on models used in Bohemia and Bavaria 300-400 years ago. Hang packaged.', 'svpljaun.jpg', NULL, 'acier carbone non inox', 'fermé : 17 cm, ouvert : 21,2 cm', 'J9TaNB0D--c', 20, NULL, 0, NULL, 0),
(574, 'boucherie', 'Swibo', 'Swibo flexible', NULL, 'dflex.jpg', 'synthétique', 'Inox', 'lame 16 cm', NULL, 17, NULL, 0, NULL, 1),
(575, 'boucherie', 'Swibo', 'Swibo désosseur semi-flex', NULL, 'dsemiflex.jpg', 'synthétique', 'Inox', 'lame 16 cm', NULL, 17, NULL, 0, NULL, 1),
(578, 'boucherie', 'Swibo', 'Swibo bascule à fromage', NULL, 'swfrom.jpg', 'synthétique', 'Inox', 'lame 28 cm', NULL, 65, NULL, 0, NULL, 1),
(579, 'boucherie', 'Swibo', 'Swibo Grand trancheur', NULL, 'trancheur26.jpg', 'synthétique', 'Inox', 'lame 25 cm', NULL, 26, NULL, 0, NULL, 1),
(580, 'canifs', 'Timberline', 'Timberline sqk', NULL, 'tm1153.jpg', 'black zytel', '440', 'fermé : 7,6 cm', NULL, 34, NULL, 0, NULL, 1),
(587, 'militaria', 'TOPS', 'Tops bootlegger', NULL, 'tprbl01.jpg', 'g10', '1095 carbon steel', '24,4 cm', NULL, 220, NULL, 0, NULL, 0),
(588, 'militaria', 'TOPS', 'Tops salrt I', NULL, 'tpxl03.jpg', 'micarta', '1095 carbon steel', '13 cm', NULL, 69, 'Sold out', 0, NULL, 0),
(589, 'militaria', 'TOPS', 'Tops tom brown tracker RM', 'Nouveau modèle 2014, black kydex sheat', 'tptbt010rmt.jpg', 'Rocky Mountain tread black linen micarta', '1095 carbon steel', '30 cm', NULL, 349, NULL, 0, NULL, 1),
(590, 'militaria', 'TOPS', 'Tops us combat knife', 'Black nylon belt sheath with utility pocket and lanyard.', 'tpus01.jpg', 'Grooved black linen micarta onlay handles', '1095 carbon steel', '34,9 cm', NULL, 215, NULL, 0, NULL, 1),
(591, 'militaria', 'TOPS', 'Tops XcEST Bravo', 'sharpened top edge and thumb ridge. Heat treated to RC 58-59. Full tang. Brown canvas micarta handles with a strong divot cut for fire starting. Handles can be removed to store extra small items. OD green lanyard. Tactical black ballistic nylon belt sheath with protective insert, leg ties and removable flap cover. Also includes a small survival kit including: survival saw, Lansky sharpener, (2) Ranger bands, compass, fishing line, (2) fishing hooks, offset screwdriver with flat and Phillips head, P-38, snare wire, white LED light, sail needle, fire starter, razor blade, snap link, (2) safety pins, emergency whistle and magnifier. Certificate of authenticity. Bulk packed.', 'tpxcestb.jpg', 'Micarta brun', '440c', '19,6 8 cm', NULL, 165, NULL, 0, NULL, 1),
(593, 'canifs', 'Ult.Equipment', 'Ultimate equipment 19skr black', 'Grand modèle', 'uf19skr.jpg', 'colt 1911 style, bois de rose', '440c', 'fermé : 11,8 cm', NULL, 155, NULL, 0, NULL, 1),
(597, 'rasoirs', 'Victorinox', 'Victorinox couture précision', NULL, 'vn87776.jpg', NULL, NULL, '13, 75 cm', NULL, 19, NULL, 0, NULL, 1),
(601, 'boucherie', 'Victorinox', 'Victorinox désosseur 12', NULL, '5.5603.12.jpg', 'Fibrox', 'high carbon inox', 'lame : 12 cm', NULL, 17, NULL, 0, NULL, 1),
(604, 'rasoirs', 'Victorinox', 'Victorinox broderie cygogne', NULL, '8.1040.09.jpg', NULL, NULL, NULL, NULL, 12, NULL, 0, NULL, 1),
(605, 'boucherie', 'Victorinox', 'Victorinox saigner 20', NULL, '5.5503.20.jpg', 'Fibrox', 'high carbon inox', 'lame : 20 cm', NULL, 22, NULL, 0, NULL, 1),
(606, 'boucherie', 'Victorinox', 'Victorinox épluch. souple 20', NULL, '5.3763.20.jpg', 'Fibrox', 'high carbon inox', 'lame : 20 cm', NULL, 21, NULL, 0, NULL, 1),
(607, 'boucherie', 'Victorinox', 'Victorinox désosseur fin 12', NULL, '5.6403.12.jpg', 'Fibrox', 'high carbon inox', 'lame : 12 cm', NULL, 17, NULL, 0, NULL, 1),
(608, 'canifs', 'Victorinox', 'Victorinox rescue tool', NULL, 'rescuetoolv.jpg', 'plastique jaune fluo', 'inox', 'fermé : 11,5 cm', 'Zy2PRaY0sOY', 95, NULL, 0, NULL, 1),
(609, 'canifs', 'Victorinox', 'Victorinox csplus', 'Version la plus complète', 'cs plus.jpg', NULL, 'inox', 'fermé : 11,5 cm', '', 159, NULL, 0, NULL, 1),
(610, 'canifs', 'Victorinox', 'Victorinox tools spirit', NULL, 'toolspirit.jpg', NULL, 'inox', 'fermé : 11cm', '', 132, NULL, 0, NULL, 1),
(614, 'canifs', 'Victorinox', 'Victorinox Mini rainbow (3)', 'Lame, Lime à ongles, Tournevis, Ciseaux , Anneau, Pincette ,Cure-dents MODELE 3', 'funfashion.jpg', 'plastique', 'inox', 'fermé : 58 mm', 'X-xeS9U7x1k', 19, NULL, 0, NULL, 1),
(615, 'canifs', 'Victorinox', 'Victorinox Mini trifolium (1)', 'Lame, Lime à ongles, Tournevis, Ciseaux , Anneau, Pincette ,Cure-dents MODELE 1', 'funfashion.jpg', 'plastique', 'inox', 'fermé : 58 mm', 'X-xeS9U7x1k', 19, NULL, 0, NULL, 1),
(616, 'ustensiles', 'Victorinox', 'Victorinox chef ceramic 15cm', 'les lames en céramique sont fabriqués à partir de poudre de haute pureté d\'oxyde de zirconium, comprimé à des pressions très élevées et fritté dans des fours à des températures supérieures à 2700 ° F. Le résultat est une lame extrêmement dur qui est comparable à la dureté d\'un diamant.', 'v-ceramic.jpg', 'Fibrox', 'Ceramic blanc', 'lame 15 cm', NULL, 72, NULL, 0, NULL, 1),
(617, 'canifs', 'Victorinox', 'Victorinox armée suisse', 'VICTORINOX 111 mm\r\nCanif officiel du soldat\r\nsuisse, 10 fonctions -\r\nofficieel Zwitsers\r\nsoldatenmes, 10 functies,\r\nvert/gris, groen/grijs\r\n0.8461.MWCH EAN + etui\r\nvert kaki / groen kaki etui\r\n4.0822.4', 'v-soldat.jpg', 'kaki synthétique', 'inox', 'fermé : 11 cm', '', 43, NULL, 0, NULL, 0),
(618, 'canifs', 'Victorinox', 'Victorinox golf tool', 'The golfer will be mainly interested in the Ball Marker, the Repair Tool (pitch fork) for one-handed use, the Tee Puncher and the Groove Cleaner. Using the Ball Marker, which is held in a slot on the top surface of the tool, the position of the ball can be quickly marked on the green with one hand.The Repair Tool is also very practical, because the tool can be extended using the golf ball shaped pushbutton and can be used to repair depressions in the grass. The blades fitted on the side disappear into the inside of the tool with the slightest pressure, so that the fork is very comfortable to use. And, last but not least, the blade of the Groove Cleaner can be used to clean the grooves on the golf club, and is very useful for punching the position for the tee - especially in hard or frozen ground.', 'golf tool.jpg', 'Cöte plastique rouge', 'inox', 'total : 65 grammes', '', 38, NULL, 0, NULL, 1),
(620, 'canifs', 'Victorinox', 'Victorinox USB 16gb', '16 GB !', 'usb.jpg', NULL, 'inox', 'fermé : 58 mm', '', 44, NULL, 0, NULL, 1),
(621, 'canifs', 'Victorinox', 'Victorinox mini vx color', 'NEW LIMITED EDITION\r\nVICTORINOX canif\r\nClassic \"Vx Colors\". 58\r\nmm, 7 fonctions, avec\r\nboîte cadeau offerte (plexi\r\n+ carton noir). 7 functies', '0.6223.jpg', NULL, 'inox', 'fermé : 58 mm', 'DqYVHrPU6F8', 19, NULL, 0, NULL, 1),
(626, 'ustensiles', 'Victorinox', 'Victorinox pèle légumes noir', 'Probablement le meilleur pèle légumes du marché, convient aussi bien pour les fruits que pour les pommes de terre et même pour les tomates', '7.6075.jpg', NULL, 'inox', '17,5 cm', NULL, 8, NULL, 0, NULL, 1),
(628, 'rasoirs', 'Victorinox', 'Victorinox, pince à ongles', 'Pince en acier inox, nickelée, branches quadrillées, dimension : 12 cm.', '8.2023.11.jpg', NULL, NULL, '12 cm', NULL, 14, NULL, 0, NULL, 1),
(631, 'canifs', 'virginia', 'Le Mineur', NULL, 'mineur.jpg', 'Olivier', 'inox', '20 cm', NULL, 35, NULL, 0, NULL, 0),
(633, 'canifs', 'Wenger', 'Wenger basic', NULL, 'wbasic.jpg', 'plastique côte rouge', 'inox', 'lame 5,5 cm', NULL, 14, NULL, 0, NULL, 0),
(634, 'canifs', 'Wenger', 'Wenger classique', NULL, 'wclassique.jpg', 'plastique côte rouge', 'inox', 'lame 5,5 cm', NULL, 16, NULL, 0, NULL, 0),
(635, 'table', 'Wenger', 'Wenger steak dentelé', NULL, 'wengdent.jpg', 'plastique', 'inox', NULL, NULL, 48, NULL, 0, 48, 1),
(636, 'table', 'Wenger', 'Wenger steak lisse', NULL, 'wenglisse.jpg', 'plastique', 'inox', NULL, NULL, 48, NULL, 0, NULL, 1),
(637, 'canifs', 'Wenger', 'Wenger évolution', NULL, 'wevo.jpg', 'plastique côte rouge', 'inox', 'lame 5,5 cm', NULL, 32, NULL, 0, NULL, 0),
(642, 'canifs', 'Winchester', 'Winchester mini stockman', NULL, 'winstockman.jpg', 'imitation bois de cerf', 'inox', NULL, NULL, 12, NULL, 0, NULL, 1),
(645, 'canifs', 'Wrangler', 'Wrangler yellowhorse', 'The custom handle is inlayed with desert ironwood, blue turquoise, rare white turquoise and jaspe. The nickel silver bolsters are hand sculpted. Nickel silver buffalo inlay. Serialized limited edition of 100 knives --> nr 48/100', 'wryllowh-380.jpg', 'voir description', '420hc', 'fermé : 12 cm', NULL, 470, NULL, 0, NULL, 1),
(652, 'rasoirs', 'Herbertz', 'Ciseaux à ongles', NULL, 'pa201.jpg', NULL, NULL, '8, 7cm', NULL, 8, NULL, 0, NULL, 1),
(741, 'ustensiles', 'Thyphoon', 'Boîte à pain', 'Boîte à pain Thyphoon, le couvercle sert aussi de planche à découper', 'd3deec026fe90f.611_1_1', NULL, NULL, NULL, NULL, 49, NULL, 0, NULL, 1),
(660, 'ustensiles', 'Point Virgule', 'Poiut virgule, grille BBQ', 'Grille barbeque idéal pour petits aliments, crustacés, légumes, ..revêtement alimentaire anti-adhésif. Poignée inox. Rebord sur un des côtés pour éviter la chute des aliments. ', 'bbqgrill.jpg', NULL, NULL, '40,5 cm * 30,5 cm', NULL, 26, NULL, 0, NULL, 1),
(665, 'canifs', 'Boker', 'Boker + epicenter', 'The Epicenter pocketknife was designed by Todd Rexford, a young knifemaker from Colorado, who is a remarkable talent in the world of knife design. In addition to our successful Boker Plus line, this pocket kniferepresents a significant innovative step. Being the first titanium frame lock, this piece reaches a special status within our knife range. The massive titanium plates have a thickness of 5 mm, and are contoured three-dimensionally, offering outstanding performance and stability. Equally impressive is the blasted titanium surface and the finish of the handle (without protruding edges), which make the knife not only a sturdy usable knife, but also a beautiful collector\'s knife. The modified satin drop point blade is made of VG-10 steel, and features a removable double-sided thumb stud. The titanium pocket clip is reversible, allowing tip-up or tip-down carry, and the lanyard hole adds convenience. An impressive synthesis of technology and design! ', '01bo170.jpg', 'titanium', 'vg10', 'fermé : 12, cm / lame 8,9 cm', 'MjbeL7ez2W4', 189, NULL, 0, NULL, 1),
(667, 'canifs', 'Boker', 'Boker + kwaiken orange', 'he Kwaiken Folder, a design of young knifemaker Lucas Burnley from New Mexico, was created after a long period of development. Burnley, whose most popular model is a fixed blade Kwaiken, wanted to translate his typically slim concept into a folding knife, without drastically changing the proportions. The result is a design that has fascinated us at first glance! The green canvas Micarta scales offer a superior grip without being unnecessarily rough. The slim and sleek blade is made of AUS-8 stainless steel, and performs extremely smoothly due to the IKBS bearings. This knife will surely prove that a slim handle doesn\'t have to compromise excellent ergonomics! Includes removable pocket clip.', '01bo292.jpg', 'Micarata orange', 'aus-8', 'ouvert : 21 cm / lame: 8,9 cm', 'dmb9uTL9ADY', 124, NULL, 0, NULL, 1),
(668, 'canifs', 'Boker', 'Boker + squail', 'Charles Marlowe from Omaha, Nebraska, is famous for, among other things, his tactical knife designs that combine everyday functionality with elegance, without sacrificing function for appearance - attracting the most diverse knife enthusiasts. The Squail, with its blade length of 4\", definitely plays in the league of full sized folders. The liner locking, 440C stainless steel blade features a generously sized opening, and a fine matte finish which harmonizes perfectly with the matte titanium bolsters. The handsome linen Micarta handle provides not only an elegant appearance, but a superior grip in all conditions. Also features a removable pocket clip (tip-down). ', '01bo310.jpg', 'Micarta', '440c', 'ouvert 24,6 cm / lame 10 cm', 'gZi6WpGGwdM', 99, NULL, 0, NULL, 1),
(673, 'rasoirs', 'Boker', 'Boker rasoir ', 'answering frequent customer requests, as of now this classic shaving razor is part of our product range. The razor includes a traditional razor blade. Many customers still swear by this proven method. Easy to clean. Chromed full metal construction. Delivered with razor blade. Length: 9.5 cm. Weight: 71 g.', '04bo140.jpg', NULL, NULL, '9,5 cm', NULL, 35, NULL, 0, NULL, 1),
                                                                                                                                                                                    (676, 'canifs', 'COLD STEEL', 'Cold Steel code4 clippoint', 'Tri-ad- lock system', 'cs58tpc.jpg', 'aluminium', NULL, 'lame 8,89 cm', NULL, 89, NULL, 0, NULL, 1),
                                                                                                                                                                                    (683, 'HAIKU', 'Haiku', 'Haiku Deba, (h04)', ' Aiguisé d\'un seul côté \"émouture chiesel\" , couteau de chef japonais traditionnel. Profitez de notre promotion 99,00 € au lieu de 129,00 € ', 'deba.jpg', 'Honoki traité et bague polypropylène noir', 'Inox Molybdène Vanadium Dureté : 56-57 hrc ', 'total : 29 cm,  lame 17 cm', 'mPQKCOrFdps', 129, NULL, 0, NULL, 1);
INSERT INTO `product` (`id`, `type`, `brand`, `name`, `description`, `picture`, `handle`, `steel`, `size`, `youtube_ref`, `price`, `comment`, `promo`, `old_price`, `instock`) VALUES
(684, 'HAIKU', 'Haiku', 'Haiku bread, (h08)', 'Le couteau Haiku est très réputé dans les cuisines professionnelles pour offrir une qualité de coupe à la fois précise, performante et durable. La lame est composée d\'un acier 0,8% de carbone + Molybdène et Vanadium. Le manche est en bois de honoki. Le montage se fait par une fixation par virole + clavette en bambou, méthode utilisée depuis des décennies par les Japonais. Le tout est « cimenté » pour répondre entièrement aux normes en vigueur dans les cuisines professionnelles occidentales.   Les couteaux Haiku de Chroma sont authentifiés par le symbole du faucon qui est gravé sur la lame.\r\nCouteau entièrement produit au Japon à Seki. Profitez de notre promotion 59,00 € au lieu de 79,00 € ', 'h08.jpg', 'Honoki traité et bague polypropylène noir', 'Inox Molybdène Vanadium Dureté : 56-57 hrc ', 'total : 38 cm,  lame 25 cm', 'TS0DxGT9AUE', 79, NULL, 0, NULL, 1),
(686, 'kai', 'KAI', 'Kai Magoroku compo. universel', 'La série innovante Seki Magoroku Composite comprend 8 formes de\r\nlames aiguisées sur les deux côtés.\r\nLa lame est finement réalisée avec deux types d’acier qui créent un\r\ncontraste captivant entre le dos de la lame satiné et le tranchant polis\r\nmiroir. Le noyau polis miroir de la lame est fabriqué en acier VG d’une\r\ndureté de 61±1 HRC et la partie extérieure satinée en acier SUS420J2 : une\r\ncombinaison qui garantit la haute résistance à la corrosion et la longue\r\ndurée de vie de la lame.\r\nLe procès de fabrication de la lame Composite s’inspire à une\r\nnouvelle technologie de construction aéronautique qui garantit stabilité\r\nincomparable et précision extrême. Les deux aciers sont unis grâce à une\r\ntechnique de brasage du cuivre qui laisse visible la fine ligne de cuivre\r\nentre les deux matériaux et ajoute ainsi un détail stylistique sophistiqué.\r\nLa forme et la belle veinure transverse du manche en bois pakka clair\r\nconfèrent une dynamique extrêmement légère à ces couteaux.', 'mgc401.jpg', 'bois pakka clair', 'composite 420j2/vg10 61 hrc', 'lame: 15 cm, manche 9,5 cm', NULL, 170, '', 0, NULL, 1),
(687, 'kai', 'KAI', 'Kai Magoroku compo. santoku', 'La série innovante Seki Magoroku Composite comprend 8 formes de\r\nlames aiguisées sur les deux côtés.\r\nLa lame est finement réalisée avec deux types d’acier qui créent un\r\ncontraste captivant entre le dos de la lame satiné et le tranchant polis\r\nmiroir. Le noyau polis miroir de la lame est fabriqué en acier VG d’une\r\ndureté de 61±1 HRC et la partie extérieure satinée en acier SUS420J2 : une\r\ncombinaison qui garantit la haute résistance à la corrosion et la longue\r\ndurée de vie de la lame.\r\nLe procès de fabrication de la lame Composite s’inspire à une\r\nnouvelle technologie de construction aéronautique qui garantit stabilité\r\nincomparable et précision extrême. Les deux aciers sont unis grâce à une\r\ntechnique de brasage du cuivre qui laisse visible la fine ligne de cuivre\r\nentre les deux matériaux et ajoute ainsi un détail stylistique sophistiqué.\r\nLa forme et la belle veinure transverse du manche en bois pakka clair\r\nconfèrent une dynamique extrêmement légère à ces couteaux.', 'mgc402.jpg', 'bois pakka clair', 'composite 420j2/vg10 61 hrc', 'lame: 16,5 cm, manche 12 cm', NULL, 239, 'NEW !!', 0, NULL, 1),
(688, 'kai', 'KAI', 'Kai Magoroku compo. nakiri', 'La série innovante Seki Magoroku Composite comprend 8 formes de\r\nlames aiguisées sur les deux côtés.\r\nLa lame est finement réalisée avec deux types d’acier qui créent un\r\ncontraste captivant entre le dos de la lame satiné et le tranchant polis\r\nmiroir. Le noyau polis miroir de la lame est fabriqué en acier VG d’une\r\ndureté de 61±1 HRC et la partie extérieure satinée en acier SUS420J2 : une\r\ncombinaison qui garantit la haute résistance à la corrosion et la longue\r\ndurée de vie de la lame.\r\nLe procès de fabrication de la lame Composite s’inspire à une\r\nnouvelle technologie de construction aéronautique qui garantit stabilité\r\nincomparable et précision extrême. Les deux aciers sont unis grâce à une\r\ntechnique de brasage du cuivre qui laisse visible la fine ligne de cuivre\r\nentre les deux matériaux et ajoute ainsi un détail stylistique sophistiqué.\r\nLa forme et la belle veinure transverse du manche en bois pakka clair\r\nconfèrent une dynamique extrêmement légère à ces couteaux.', 'mgc428.jpg', 'bois pakka clair', 'composite 420j2/vg10 61 hrc', 'lame: 16,5 cm, manche 12 cm', NULL, 215, '', 0, NULL, 1),
(689, 'kai', 'KAI', 'Kai Magoroku compo. grand chef', 'La série innovante Seki Magoroku Composite comprend 8 formes de\r\nlames aiguisées sur les deux côtés.\r\nLa lame est finement réalisée avec deux types d’acier qui créent un\r\ncontraste captivant entre le dos de la lame satiné et le tranchant polis\r\nmiroir. Le noyau polis miroir de la lame est fabriqué en acier VG d’une\r\ndureté de 61±1 HRC et la partie extérieure satinée en acier SUS420J2 : une\r\ncombinaison qui garantit la haute résistance à la corrosion et la longue\r\ndurée de vie de la lame.\r\nLe procès de fabrication de la lame Composite s’inspire à une\r\nnouvelle technologie de construction aéronautique qui garantit stabilité\r\nincomparable et précision extrême. Les deux aciers sont unis grâce à une\r\ntechnique de brasage du cuivre qui laisse visible la fine ligne de cuivre\r\nentre les deux matériaux et ajoute ainsi un détail stylistique sophistiqué.\r\nLa forme et la belle veinure transverse du manche en bois pakka clair\r\nconfèrent une dynamique extrêmement légère à ces couteaux.', 'mgc406.jpg', 'bois pakka clair', 'composite 420j2/vg10 61 hrc', 'lame: 20 cm, manche 12 cm', NULL, 226, '', 0, NULL, 1),
(690, 'kai', 'KAI', 'Kai Magoroku compo. trancheur', 'La série innovante Seki Magoroku Composite comprend 8 formes de\r\nlames aiguisées sur les deux côtés.\r\nLa lame est finement réalisée avec deux types d’acier qui créent un\r\ncontraste captivant entre le dos de la lame satiné et le tranchant polis\r\nmiroir. Le noyau polis miroir de la lame est fabriqué en acier VG d’une\r\ndureté de 61±1 HRC et la partie extérieure satinée en acier SUS420J2 : une\r\ncombinaison qui garantit la haute résistance à la corrosion et la longue\r\ndurée de vie de la lame.\r\nLe procès de fabrication de la lame Composite s’inspire à une\r\nnouvelle technologie de construction aéronautique qui garantit stabilité\r\nincomparable et précision extrême. Les deux aciers sont unis grâce à une\r\ntechnique de brasage du cuivre qui laisse visible la fine ligne de cuivre\r\nentre les deux matériaux et ajoute ainsi un détail stylistique sophistiqué.\r\nLa forme et la belle veinure transverse du manche en bois pakka clair\r\nconfèrent une dynamique extrêmement légère à ces couteaux.', 'mgc404.jpg', 'bois pakka clair', 'composite 420j2/vg10 61 hrc', 'lame: 23 cm, manche 12cm', NULL, 208, '', 0, NULL, 1),
(691, 'kai', 'KAI', 'Kai Magoroku compo. pain', 'La série innovante Seki Magoroku Composite comprend 8 formes de\r\nlames aiguisées sur les deux côtés.\r\nLa lame est finement réalisée avec deux types d’acier qui créent un\r\ncontraste captivant entre le dos de la lame satiné et le tranchant polis\r\nmiroir. Le noyau polis miroir de la lame est fabriqué en acier VG d’une\r\ndureté de 61±1 HRC et la partie extérieure satinée en acier SUS420J2 : une\r\ncombinaison qui garantit la haute résistance à la corrosion et la longue\r\ndurée de vie de la lame.\r\nLe procès de fabrication de la lame Composite s’inspire à une\r\nnouvelle technologie de construction aéronautique qui garantit stabilité\r\nincomparable et précision extrême. Les deux aciers sont unis grâce à une\r\ntechnique de brasage du cuivre qui laisse visible la fine ligne de cuivre\r\nentre les deux matériaux et ajoute ainsi un détail stylistique sophistiqué.\r\nLa forme et la belle veinure transverse du manche en bois pakka clair\r\nconfèrent une dynamique extrêmement légère à ces couteaux.', 'mgc405.jpg', 'bois pakka clair', 'composite 420j2/vg10 61 hrc', 'lame: 23 cm, manche 12 cm', NULL, 226, '', 0, NULL, 1),
(701, 'aiguisage', 'Yamahide cutlery', 'Naniwa gr400 whetstone ', 'Yamahide Cutlery Whetstone. #400 grit. Color: Medium green.Naniwa Brand Super Whetstone Sharpening Stone. Measures 8 1/4\" x 2 3/4\" x 3/4\". Mounted on brown hard plastic countertop stand with non-slip feet.', 'yc1493.jpg', NULL, NULL, NULL, 'tc_TEWmMcD0', 89, NULL, 0, NULL, 1),
(703, 'flashlight', 'Bushnell', 'Bushnell télémètre scoutDX', 'CARACTÉRISTIQUES Grossissement 6x \r\nE.S.P. (Extreme-Speed-Precision, Précision et vitesse extrêmes) Permet d’obtenir une précision de mesure allant jusqu’au 1/2 mètre et une précision d’affichage allant jusqu’au 1/10e de mètre \r\nARC grâce à l’inclinomètre intégré \r\nMode Arc ARC: distance horizontale réelle jusqu’à 90 m \r\nMode Carabine ARC: données de chute de balle et de retardement en pouces, MOA et mil \r\nFonction VSI (Variable Sight-In) \r\nModes Bullseye, Brush et Scan \r\nPortée : 5-900 mètres \r\nRéglage des dioptries pour une vue d’une clarté exceptionnelle \r\n100 % étanche à l’eau \r\nFourni avec étui de transport, batterie et cordon pour le cou \r\nCompatible avec les systèmes de fixation magnétiques \r\nClapet de batterie Posi-Thread™', '202356.jpg', NULL, NULL, NULL, 'swlJskLTVxo', 360, NULL, 0, NULL, 1),
(704, 'flashlight', 'Bushnell', 'Bushnell nightvision Equinox 4*40', 'Grossissement 2x \r\nDesign ultralumineux Gen 1 \r\nRésistant aux intempéries IPX4 \r\nBoîtier caoutchouc ultrarésistant \r\nAutonomie exceptionnelle \r\nFormat compact et ultraléger \r\nAdaptable sur trépied', '260441.jpg', NULL, NULL, NULL, '', 250, NULL, 0, NULL, 1),
(705, 'aiguisage', 'Arkansas ', 'Arkansas sharpener', 'Arkansas Ceramic Sharpening Stick. 12\" overall. Wood handle. 7\" ceramic sharpening rod. Bulk packed.', 'ac46.jpg', NULL, NULL, 'bâton ceramic de 17,7 cm', NULL, 9, NULL, 0, NULL, 1),
(707, 'aiguisage', 'Jewelstick', 'Jewelstick diamond flipstick', '5\" closed. 9 1/8\" opened. Textured black composition housing with Buck logo. Housing doubles as a handle and as a sheath for easy storage and transport. 100% diamond coated oval surfaces. 750 medium grit - both sides.', 'fsstp.jpg', NULL, NULL, NULL, NULL, 19, NULL, 0, NULL, 1),
(708, 'aiguisage', 'Eze-lap', 'Eze-lap diamond st', '2-1/4″ Diamond D shaped shaft with groove for fishhooks. Opens to 5-7/16″. Stores in pen type cap.Diamond D shaped shaft with groove for fishhooks', 'ezstick.jpg', NULL, NULL, NULL, NULL, 12, NULL, 0, NULL, 1),
(709, 'flashlight', 'Bushnell', 'Bushnell HD Torch', 'Edge to edge, no flashlight in the world today delivers a comparable level of radiant intensity and consistency of brightness.\r\n\r\nEvenly distributed square beam light pattern\r\nPowerful 165-lumen output \r\n1.5-hour continuous run time\r\nRugged, waterproof, aircraft-grade aluminum housing with hard-anodized finish that won’t scratch or mar\r\nFind-Me feature and battery-life indicator\r\nIncludes two 3-volt lithium batteries', '100400c.png', 'Aircraft grade aluminium. Waterproof.', NULL, NULL, 'VJh8W6iaqQ8', 79, NULL, 0, NULL, 1),
(711, 'militaria', 'Bark River', 'Bark river Gamekeeper', 'Couteau de chasse,\nBark River Gamekeeper. 9 1/8\" overall. 4 3/8\" A-2 tool steel blade. Full tang. Bocote wood handles with nickel silver finger guard. Lanyard hole. Brown leather belt sheath', 'ba121wb.jpg', 'bocote', 'A2', ' total : 23 cm ; lame : 10,9 cm', 'mB-cMyrRk6c', 340, NULL, 0, NULL, 1),
(712, 'militaria', 'Bark River', 'Bark River Gamekeeper II', 'Couteau de chasse,\nBark River Gamekeeper II Bocote', 'ba221wb.jpg', 'bocote', 'A2', 'total: 26 cm ;  lame : 14,5 cm', '-qCQQsu4W6A', 360, NULL, 0, NULL, 1),
(714, 'canifs', 'Queen Cutlery', 'Queen mountain man ', 'Queen Mountain Man. 4 1/2\" closed. 3 5/8\" D2 tool steel clip blade. Lanyard hole. Curly Zebra African Hardwood handles with nickel silver bolster and inlay shield. Brass liner', 'qn3cz.jpg', 'Curly Zebra harwood', 'D2', 'lame 9,2 cm, fermé : 11,4 cm', NULL, 140, NULL, 0, NULL, 1),
(717, 'canifs', 'Spyderco', 'Spyderco Gayle Bradley folder', 'Spyderco Gayle Bradley Folder. 4 5/8\" closed linerlock. 3 3/8\" CPM-M4 stainless blade with thumb hole pull. Carbon fiber handles. Reversible stainless pocket clip. Produced in collaboration with Gayle Bradley.', 'sc134cfp.jpg', 'fibre de carbone', 'cpm M4', 'fermé : 11,7 cm lame : 8,5 cm', 'LRHXRy8SF0c', 239, NULL, 0, NULL, 1),
(719, 'aiguisage', 'Yamahide cutlery', 'Naniwa gr2000 whetstone', 'Yamahide Cutlery Whetstone. #2000 grit. Color: Yellow.\r\nNaniwa Brand Super Whetstone Sharpening Stone. Measures 8 1/4 x 2 3/4 x 3/4. Mounted on brown hard plastic countertop stand with non-slip feet.', 'yc1496.jpg', NULL, NULL, NULL, '6czVKkIz3Us', 149, NULL, 0, NULL, 1),
(723, 'canifs', 'T.Fedide', 'Le Thiers pêche 3 mouches', 'Magnifique couteau de Thiers sur le thème de la pêche avec incrustation de véritables mouches de pêche.', 'thiers3m.jpg', 'Résine avec incrustation de 3 mouches', '12c27', 'lame 9,5 cm, total 21 cm', NULL, 119, NULL, 0, NULL, 1),
(724, 'canifs', 'T.Fedide', 'Le Thiers pêche 1 mouche', 'Magnifique couteau de Thiers sur le thème de la pêche avec incrustation d\'une véritable mouche de pêche.', 'thiersbrochet.jpg', 'Résine avec incrustation de 1 mouches + fond peint', '12c27', 'lame 9,5 cm, total 21 cm', NULL, 119, NULL, 0, NULL, 1),
(725, 'canifs', 'T.Fedide', 'Le Thiers pêche truite', 'Magnifique couteau de Thiers sur le thème de la pêche avec incrustation de véritables mouches de pêche.', 'thierstruite.jpg', 'Résine avec incrustation de 3 mouches + fond au mo', '12c27', 'lame 9,5 cm, total 21 cm', NULL, 119, NULL, 0, NULL, 1),
(727, 'canifs', 'JP Couvert', 'Le salers', 'couteau artisanale à virole', 'salers.jpg', 'bois d\'olivier', 'Inox', 'lame 8,5 cm, total 19,5 cm', NULL, 22, NULL, 0, NULL, 1),
(730, 'canifs', 'Boker', 'Böker magnum recurve flash', NULL, 'flash.jpg', 'G10', '420', 'ouvert : 19 cm', NULL, 26, NULL, 0, NULL, 1),
(732, 'canifs', 'Boker', 'Böker magnum silver pin light', NULL, 'silverpin.jpg', 'micarta', '440', 'lame : 6,4 cm', NULL, 24, NULL, 0, NULL, 0),
(733, 'canifs', 'Boker', 'Böker black rescue', NULL, 'bom456.jpg', 'aluminium', '440', 'lame : 5,3 cm', NULL, 24, NULL, 0, NULL, 1);


--
-- Structure de la table `slider`
--
CREATE TABLE IF NOT EXISTS `slider` (
  `id` int(11) NOT NULL AUTO_INCREMENT,
  `image` varchar(50) NOT NULL,
  `title1` varchar(50) DEFAULT NULL,
  `title2` varchar(255) DEFAULT NULL,
  `description` text,
  `link` varchar(50),
  PRIMARY KEY (`id`)
) ENGINE=InnoDB AUTO_INCREMENT=4 DEFAULT CHARSET=utf8;

INSERT INTO `slider` (`id`, `image`, `title1`, `title2`, `description`, `link`) VALUES
(1, 'slider1.jpg', 'SALE', 'Titre 2 du slider numéro 1', 'Petite description de l''offre pour le slider numéro 1.', 'detail/635'),
(2, 'slider2.jpg', 'COUCOU !!', 'Titre 2 du slider 2', 'Petite description de l''offre pour le slider numéro 2.', 'detail/635'),
(3, 'slider3.jpg', 'HEY HEY LES GLAUDES !', 'Titre 2 du slider 3', 'Petite description de l''offre pour le slider numéro 3.', 'detail/635');


--
-- Structure de la table `top_sales`
--
CREATE TABLE IF NOT EXISTS `top_sales` (
  `product_id` int(11) NOT NULL,
  `sales` int(11) NOT NULL,
  PRIMARY KEY (`product_id`)
) ENGINE=InnoDB DEFAULT CHARSET=utf8;


--
-- Structure de la table `country`
--
CREATE TABLE IF NOT EXISTS `country` (
  `id` int(11) NOT NULL,
  `code` int(11) NOT NULL,
  `alpha2` varchar(2) NOT NULL,
  `alpha3` varchar(3) NOT NULL,
  `name_en` varchar(50) NOT NULL,
  `name_fr` varchar(50) NOT NULL,
   PRIMARY KEY (`id`),
   UNIQUE KEY `country_code_uindex` (`code`),
   UNIQUE KEY `country_alpha3_uindex` (`alpha3`),
   UNIQUE KEY `country_alpha2_uindex` (`alpha2`)
) ENGINE=InnoDB DEFAULT CHARSET=utf8;

INSERT INTO `country` (`id`, `code`, `alpha2`, `alpha3`, `name_en`, `name_fr`) VALUES
(1, 4, 'AF', 'AFG', 'Afghanistan', 'Afghanistan'),
(2, 8, 'AL', 'ALB', 'Albania', 'Albanie'),
(3, 10, 'AQ', 'ATA', 'Antarctica', 'Antarctique'),
(4, 12, 'DZ', 'DZA', 'Algeria', 'Algérie'),
(5, 16, 'AS', 'ASM', 'American Samoa', 'Samoa Américaines'),
(6, 20, 'AD', 'AND', 'Andorra', 'Andorre'),
(7, 24, 'AO', 'AGO', 'Angola', 'Angola'),
(8, 28, 'AG', 'ATG', 'Antigua and Barbuda', 'Antigua-et-Barbuda'),
(9, 31, 'AZ', 'AZE', 'Azerbaijan', 'Azerbaïdjan'),
(10, 32, 'AR', 'ARG', 'Argentina', 'Argentine'),
(11, 36, 'AU', 'AUS', 'Australia', 'Australie'),
(12, 40, 'AT', 'AUT', 'Austria', 'Autriche'),
(13, 44, 'BS', 'BHS', 'Bahamas', 'Bahamas'),
(14, 48, 'BH', 'BHR', 'Bahrain', 'Bahreïn'),
(15, 50, 'BD', 'BGD', 'Bangladesh', 'Bangladesh'),
(16, 51, 'AM', 'ARM', 'Armenia', 'Arménie'),
(17, 52, 'BB', 'BRB', 'Barbados', 'Barbade'),
(18, 56, 'BE', 'BEL', 'Belgium', 'Belgique'),
(19, 60, 'BM', 'BMU', 'Bermuda', 'Bermudes'),
(20, 64, 'BT', 'BTN', 'Bhutan', 'Bhoutan'),
(21, 68, 'BO', 'BOL', 'Bolivia', 'Bolivie'),
(22, 70, 'BA', 'BIH', 'Bosnia and Herzegovina', 'Bosnie-Herzégovine'),
(23, 72, 'BW', 'BWA', 'Botswana', 'Botswana'),
(24, 74, 'BV', 'BVT', 'Bouvet Island', 'Île Bouvet'),
(25, 76, 'BR', 'BRA', 'Brazil', 'Brésil'),
(26, 84, 'BZ', 'BLZ', 'Belize', 'Belize'),
(27, 86, 'IO', 'IOT', 'British Indian Ocean Territory', 'Territoire Britannique de l''Océan Indien'),
(28, 90, 'SB', 'SLB', 'Solomon Islands', 'Îles Salomon'),
(29, 92, 'VG', 'VGB', 'British Virgin Islands', 'Îles Vierges Britanniques'),
(30, 96, 'BN', 'BRN', 'Brunei Darussalam', 'Brunéi Darussalam'),
(31, 100, 'BG', 'BGR', 'Bulgaria', 'Bulgarie'),
(32, 104, 'MM', 'MMR', 'Myanmar', 'Myanmar'),
(33, 108, 'BI', 'BDI', 'Burundi', 'Burundi'),
(34, 112, 'BY', 'BLR', 'Belarus', 'Bélarus'),
(35, 116, 'KH', 'KHM', 'Cambodia', 'Cambodge'),
(36, 120, 'CM', 'CMR', 'Cameroon', 'Cameroun'),
(37, 124, 'CA', 'CAN', 'Canada', 'Canada'),
(38, 132, 'CV', 'CPV', 'Cape Verde', 'Cap-vert'),
(39, 136, 'KY', 'CYM', 'Cayman Islands', 'Îles Caïmanes'),
(40, 140, 'CF', 'CAF', 'Central African', 'République Centrafricaine'),
(41, 144, 'LK', 'LKA', 'Sri Lanka', 'Sri Lanka'),
(42, 148, 'TD', 'TCD', 'Chad', 'Tchad'),
(43, 152, 'CL', 'CHL', 'Chile', 'Chili'),
(44, 156, 'CN', 'CHN', 'China', 'Chine'),
(45, 158, 'TW', 'TWN', 'Taiwan', 'Taïwan'),
(46, 162, 'CX', 'CXR', 'Christmas Island', 'Île Christmas'),
(47, 166, 'CC', 'CCK', 'Cocos (Keeling) Islands', 'Îles Cocos (Keeling)'),
(48, 170, 'CO', 'COL', 'Colombia', 'Colombie'),
(49, 174, 'KM', 'COM', 'Comoros', 'Comores'),
(50, 175, 'YT', 'MYT', 'Mayotte', 'Mayotte'),
(51, 178, 'CG', 'COG', 'Republic of the Congo', 'République du Congo'),
(52, 180, 'CD', 'COD', 'The Democratic Republic Of The Congo', 'République Démocratique du Congo'),
(53, 184, 'CK', 'COK', 'Cook Islands', 'Îles Cook'),
(54, 188, 'CR', 'CRI', 'Costa Rica', 'Costa Rica'),
(55, 191, 'HR', 'HRV', 'Croatia', 'Croatie'),
(56, 192, 'CU', 'CUB', 'Cuba', 'Cuba'),
(57, 196, 'CY', 'CYP', 'Cyprus', 'Chypre'),
(58, 203, 'CZ', 'CZE', 'Czech Republic', 'République Tchèque'),
(59, 204, 'BJ', 'BEN', 'Benin', 'Bénin'),
(60, 208, 'DK', 'DNK', 'Denmark', 'Danemark'),
(61, 212, 'DM', 'DMA', 'Dominica', 'Dominique'),
(62, 214, 'DO', 'DOM', 'Dominican Republic', 'République Dominicaine'),
(63, 218, 'EC', 'ECU', 'Ecuador', 'Équateur'),
(64, 222, 'SV', 'SLV', 'El Salvador', 'El Salvador'),
(65, 226, 'GQ', 'GNQ', 'Equatorial Guinea', 'Guinée Équatoriale'),
(66, 231, 'ET', 'ETH', 'Ethiopia', 'Éthiopie'),
(67, 232, 'ER', 'ERI', 'Eritrea', 'Érythrée'),
(68, 233, 'EE', 'EST', 'Estonia', 'Estonie'),
(69, 234, 'FO', 'FRO', 'Faroe Islands', 'Îles Féroé'),
(70, 238, 'FK', 'FLK', 'Falkland Islands', 'Îles (malvinas) Falkland'),
(71, 239, 'GS', 'SGS', 'South Georgia and the South Sandwich Islands', 'Géorgie du Sud et les Îles Sandwich du Sud'),
(72, 242, 'FJ', 'FJI', 'Fiji', 'Fidji'),
(73, 246, 'FI', 'FIN', 'Finland', 'Finlande'),
(74, 248, 'AX', 'ALA', 'Åland Islands', 'Îles Åland'),
(75, 250, 'FR', 'FRA', 'France', 'France'),
(76, 254, 'GF', 'GUF', 'French Guiana', 'Guyane Française'),
(77, 258, 'PF', 'PYF', 'French Polynesia', 'Polynésie Française'),
(78, 260, 'TF', 'ATF', 'French Southern Territories', 'Terres Australes Françaises'),
(79, 262, 'DJ', 'DJI', 'Djibouti', 'Djibouti'),
(80, 266, 'GA', 'GAB', 'Gabon', 'Gabon'),
(81, 268, 'GE', 'GEO', 'Georgia', 'Géorgie'),
(82, 270, 'GM', 'GMB', 'Gambia', 'Gambie'),
(83, 275, 'PS', 'PSE', 'Occupied Palestinian Territory', 'Territoire Palestinien Occupé'),
(84, 276, 'DE', 'DEU', 'Germany', 'Allemagne'),
(85, 288, 'GH', 'GHA', 'Ghana', 'Ghana'),
(86, 292, 'GI', 'GIB', 'Gibraltar', 'Gibraltar'),
(87, 296, 'KI', 'KIR', 'Kiribati', 'Kiribati'),
(88, 300, 'GR', 'GRC', 'Greece', 'Grèce'),
(89, 304, 'GL', 'GRL', 'Greenland', 'Groenland'),
(90, 308, 'GD', 'GRD', 'Grenada', 'Grenade'),
(91, 312, 'GP', 'GLP', 'Guadeloupe', 'Guadeloupe'),
(92, 316, 'GU', 'GUM', 'Guam', 'Guam'),
(93, 320, 'GT', 'GTM', 'Guatemala', 'Guatemala'),
(94, 324, 'GN', 'GIN', 'Guinea', 'Guinée'),
(95, 328, 'GY', 'GUY', 'Guyana', 'Guyana'),
(96, 332, 'HT', 'HTI', 'Haiti', 'Haïti'),
(97, 334, 'HM', 'HMD', 'Heard Island and McDonald Islands', 'Îles Heard et Mcdonald'),
(98, 336, 'VA', 'VAT', 'Vatican City State', 'Saint-Siège (état de la Cité du Vatican)'),
(99, 340, 'HN', 'HND', 'Honduras', 'Honduras'),
(100, 344, 'HK', 'HKG', 'Hong Kong', 'Hong-Kong'),
(101, 348, 'HU', 'HUN', 'Hungary', 'Hongrie'),
(102, 352, 'IS', 'ISL', 'Iceland', 'Islande'),
(103, 356, 'IN', 'IND', 'India', 'Inde'),
(104, 360, 'ID', 'IDN', 'Indonesia', 'Indonésie'),
(105, 364, 'IR', 'IRN', 'Islamic Republic of Iran', 'République Islamique d''Iran'),
(106, 368, 'IQ', 'IRQ', 'Iraq', 'Iraq'),
(107, 372, 'IE', 'IRL', 'Ireland', 'Irlande'),
(108, 376, 'IL', 'ISR', 'Israel', 'Israël'),
(109, 380, 'IT', 'ITA', 'Italy', 'Italie'),
(110, 384, 'CI', 'CIV', 'Côte d''Ivoire', 'Côte d''Ivoire'),
(111, 388, 'JM', 'JAM', 'Jamaica', 'Jamaïque'),
(112, 392, 'JP', 'JPN', 'Japan', 'Japon'),
(113, 398, 'KZ', 'KAZ', 'Kazakhstan', 'Kazakhstan'),
(114, 400, 'JO', 'JOR', 'Jordan', 'Jordanie'),
(115, 404, 'KE', 'KEN', 'Kenya', 'Kenya'),
(116, 408, 'KP', 'PRK', 'Democratic People''s Republic of Korea', 'République Populaire Démocratique de Corée'),
(117, 410, 'KR', 'KOR', 'Republic of Korea', 'République de Corée'),
(118, 414, 'KW', 'KWT', 'Kuwait', 'Koweït'),
(119, 417, 'KG', 'KGZ', 'Kyrgyzstan', 'Kirghizistan'),
(120, 418, 'LA', 'LAO', 'Lao People''s Democratic Republic', 'République Démocratique Populaire Lao'),
(121, 422, 'LB', 'LBN', 'Lebanon', 'Liban'),
(122, 426, 'LS', 'LSO', 'Lesotho', 'Lesotho'),
(123, 428, 'LV', 'LVA', 'Latvia', 'Lettonie'),
(124, 430, 'LR', 'LBR', 'Liberia', 'Libéria'),
(125, 434, 'LY', 'LBY', 'Libyan Arab Jamahiriya', 'Jamahiriya Arabe Libyenne'),
(126, 438, 'LI', 'LIE', 'Liechtenstein', 'Liechtenstein'),
(127, 440, 'LT', 'LTU', 'Lithuania', 'Lituanie'),
(128, 442, 'LU', 'LUX', 'Luxembourg', 'Luxembourg'),
(129, 446, 'MO', 'MAC', 'Macao', 'Macao'),
(130, 450, 'MG', 'MDG', 'Madagascar', 'Madagascar'),
(131, 454, 'MW', 'MWI', 'Malawi', 'Malawi'),
(132, 458, 'MY', 'MYS', 'Malaysia', 'Malaisie'),
(133, 462, 'MV', 'MDV', 'Maldives', 'Maldives'),
(134, 466, 'ML', 'MLI', 'Mali', 'Mali'),
(135, 470, 'MT', 'MLT', 'Malta', 'Malte'),
(136, 474, 'MQ', 'MTQ', 'Martinique', 'Martinique'),
(137, 478, 'MR', 'MRT', 'Mauritania', 'Mauritanie'),
(138, 480, 'MU', 'MUS', 'Mauritius', 'Maurice'),
(139, 484, 'MX', 'MEX', 'Mexico', 'Mexique'),
(140, 492, 'MC', 'MCO', 'Monaco', 'Monaco'),
(141, 496, 'MN', 'MNG', 'Mongolia', 'Mongolie'),
(142, 498, 'MD', 'MDA', 'Republic of Moldova', 'République de Moldova'),
(143, 500, 'MS', 'MSR', 'Montserrat', 'Montserrat'),
(144, 504, 'MA', 'MAR', 'Morocco', 'Maroc'),
(145, 508, 'MZ', 'MOZ', 'Mozambique', 'Mozambique'),
(146, 512, 'OM', 'OMN', 'Oman', 'Oman'),
(147, 516, 'NA', 'NAM', 'Namibia', 'Namibie'),
(148, 520, 'NR', 'NRU', 'Nauru', 'Nauru'),
(149, 524, 'NP', 'NPL', 'Nepal', 'Népal'),
(150, 528, 'NL', 'NLD', 'Netherlands', 'Pays-Bas'),
(151, 530, 'AN', 'ANT', 'Netherlands Antilles', 'Antilles Néerlandaises'),
(152, 533, 'AW', 'ABW', 'Aruba', 'Aruba'),
(153, 540, 'NC', 'NCL', 'New Caledonia', 'Nouvelle-Calédonie'),
(154, 548, 'VU', 'VUT', 'Vanuatu', 'Vanuatu'),
(155, 554, 'NZ', 'NZL', 'New Zealand', 'Nouvelle-Zélande'),
(156, 558, 'NI', 'NIC', 'Nicaragua', 'Nicaragua'),
(157, 562, 'NE', 'NER', 'Niger', 'Niger'),
(158, 566, 'NG', 'NGA', 'Nigeria', 'Nigéria'),
(159, 570, 'NU', 'NIU', 'Niue', 'Niué'),
(160, 574, 'NF', 'NFK', 'Norfolk Island', 'Île Norfolk'),
(161, 578, 'NO', 'NOR', 'Norway', 'Norvège'),
(162, 580, 'MP', 'MNP', 'Northern Mariana Islands', 'Îles Mariannes du Nord'),
(163, 581, 'UM', 'UMI', 'United States Minor Outlying Islands', 'Îles Mineures Éloignées des États-Unis'),
(164, 583, 'FM', 'FSM', 'Federated States of Micronesia', 'États Fédérés de Micronésie'),
(165, 584, 'MH', 'MHL', 'Marshall Islands', 'Îles Marshall'),
(166, 585, 'PW', 'PLW', 'Palau', 'Palaos'),
(167, 586, 'PK', 'PAK', 'Pakistan', 'Pakistan'),
(168, 591, 'PA', 'PAN', 'Panama', 'Panama'),
(169, 598, 'PG', 'PNG', 'Papua New Guinea', 'Papouasie-Nouvelle-Guinée'),
(170, 600, 'PY', 'PRY', 'Paraguay', 'Paraguay'),
(171, 604, 'PE', 'PER', 'Peru', 'Pérou'),
(172, 608, 'PH', 'PHL', 'Philippines', 'Philippines'),
(173, 612, 'PN', 'PCN', 'Pitcairn', 'Pitcairn'),
(174, 616, 'PL', 'POL', 'Poland', 'Pologne'),
(175, 620, 'PT', 'PRT', 'Portugal', 'Portugal'),
(176, 624, 'GW', 'GNB', 'Guinea-Bissau', 'Guinée-Bissau'),
(177, 626, 'TL', 'TLS', 'Timor-Leste', 'Timor-Leste'),
(178, 630, 'PR', 'PRI', 'Puerto Rico', 'Porto Rico'),
(179, 634, 'QA', 'QAT', 'Qatar', 'Qatar'),
(180, 638, 'RE', 'REU', 'Réunion', 'Réunion'),
(181, 642, 'RO', 'ROU', 'Romania', 'Roumanie'),
(182, 643, 'RU', 'RUS', 'Russian Federation', 'Fédération de Russie'),
(183, 646, 'RW', 'RWA', 'Rwanda', 'Rwanda'),
(184, 654, 'SH', 'SHN', 'Saint Helena', 'Sainte-Hélène'),
(185, 659, 'KN', 'KNA', 'Saint Kitts and Nevis', 'Saint-Kitts-et-Nevis'),
(186, 660, 'AI', 'AIA', 'Anguilla', 'Anguilla'),
(187, 662, 'LC', 'LCA', 'Saint Lucia', 'Sainte-Lucie'),
(188, 666, 'PM', 'SPM', 'Saint-Pierre and Miquelon', 'Saint-Pierre-et-Miquelon'),
(189, 670, 'VC', 'VCT', 'Saint Vincent and the Grenadines', 'Saint-Vincent-et-les Grenadines'),
(190, 674, 'SM', 'SMR', 'San Marino', 'Saint-Marin'),
(191, 678, 'ST', 'STP', 'Sao Tome and Principe', 'Sao Tomé-et-Principe'),
(192, 682, 'SA', 'SAU', 'Saudi Arabia', 'Arabie Saoudite'),
(193, 686, 'SN', 'SEN', 'Senegal', 'Sénégal'),
(194, 690, 'SC', 'SYC', 'Seychelles', 'Seychelles'),
(195, 694, 'SL', 'SLE', 'Sierra Leone', 'Sierra Leone'),
(196, 702, 'SG', 'SGP', 'Singapore', 'Singapour'),
(197, 703, 'SK', 'SVK', 'Slovakia', 'Slovaquie'),
(198, 704, 'VN', 'VNM', 'Vietnam', 'Viet Nam'),
(199, 705, 'SI', 'SVN', 'Slovenia', 'Slovénie'),
(200, 706, 'SO', 'SOM', 'Somalia', 'Somalie'),
(201, 710, 'ZA', 'ZAF', 'South Africa', 'Afrique du Sud'),
(202, 716, 'ZW', 'ZWE', 'Zimbabwe', 'Zimbabwe'),
(203, 724, 'ES', 'ESP', 'Spain', 'Espagne'),
(204, 732, 'EH', 'ESH', 'Western Sahara', 'Sahara Occidental'),
(205, 736, 'SD', 'SDN', 'Sudan', 'Soudan'),
(206, 740, 'SR', 'SUR', 'Suriname', 'Suriname'),
(207, 744, 'SJ', 'SJM', 'Svalbard and Jan Mayen', 'Svalbard etÎle Jan Mayen'),
(208, 748, 'SZ', 'SWZ', 'Swaziland', 'Swaziland'),
(209, 752, 'SE', 'SWE', 'Sweden', 'Suède'),
(210, 756, 'CH', 'CHE', 'Switzerland', 'Suisse'),
(211, 760, 'SY', 'SYR', 'Syrian Arab Republic', 'République Arabe Syrienne'),
(212, 762, 'TJ', 'TJK', 'Tajikistan', 'Tadjikistan'),
(213, 764, 'TH', 'THA', 'Thailand', 'Thaïlande'),
(214, 768, 'TG', 'TGO', 'Togo', 'Togo'),
(215, 772, 'TK', 'TKL', 'Tokelau', 'Tokelau'),
(216, 776, 'TO', 'TON', 'Tonga', 'Tonga'),
(217, 780, 'TT', 'TTO', 'Trinidad and Tobago', 'Trinité-et-Tobago'),
(218, 784, 'AE', 'ARE', 'United Arab Emirates', 'Émirats Arabes Unis'),
(219, 788, 'TN', 'TUN', 'Tunisia', 'Tunisie'),
(220, 792, 'TR', 'TUR', 'Turkey', 'Turquie'),
(221, 795, 'TM', 'TKM', 'Turkmenistan', 'Turkménistan'),
(222, 796, 'TC', 'TCA', 'Turks and Caicos Islands', 'Îles Turks et Caïques'),
(223, 798, 'TV', 'TUV', 'Tuvalu', 'Tuvalu'),
(224, 800, 'UG', 'UGA', 'Uganda', 'Ouganda'),
(225, 804, 'UA', 'UKR', 'Ukraine', 'Ukraine'),
(226, 807, 'MK', 'MKD', 'The Former Yugoslav Republic of Macedonia', 'L''ex-République Yougoslave de Macédoine'),
(227, 818, 'EG', 'EGY', 'Egypt', 'Égypte'),
(228, 826, 'GB', 'GBR', 'United Kingdom', 'Royaume-Uni'),
(229, 833, 'IM', 'IMN', 'Isle of Man', 'Île de Man'),
(230, 834, 'TZ', 'TZA', 'United Republic Of Tanzania', 'République-Unie de Tanzanie'),
(231, 840, 'US', 'USA', 'United States', 'États-Unis'),
(232, 850, 'VI', 'VIR', 'U.S. Virgin Islands', 'Îles Vierges des États-Unis'),
(233, 854, 'BF', 'BFA', 'Burkina Faso', 'Burkina Faso'),
(234, 858, 'UY', 'URY', 'Uruguay', 'Uruguay'),
(235, 860, 'UZ', 'UZB', 'Uzbekistan', 'Ouzbékistan'),
(236, 862, 'VE', 'VEN', 'Venezuela', 'Venezuela'),
(237, 876, 'WF', 'WLF', 'Wallis and Futuna', 'Wallis et Futuna'),
(238, 882, 'WS', 'WSM', 'Samoa', 'Samoa'),
(239, 887, 'YE', 'YEM', 'Yemen', 'Yémen'),
(240, 891, 'CS', 'SCG', 'Serbia and Montenegro', 'Serbie-et-Monténégro'),
(241, 894, 'ZM', 'ZMB', 'Zambia', 'Zambie');


--
-- Structure de la table `user_order`
--
CREATE TABLE IF NOT EXISTS `user_order` (
  `id` int(11) NOT NULL AUTO_INCREMENT,
  `user_id` varchar(50) NOT NULL,
  `order_date` timestamp NOT NULL DEFAULT CURRENT_TIMESTAMP,
  `order_json` longtext NOT NULL,
  PRIMARY KEY (`id`)
) ENGINE=InnoDB DEFAULT CHARSET=utf8;


--
-- Structure de la table `video`
--
CREATE TABLE IF NOT EXISTS `video` (
    `id` SERIAL NOT NULL AUTO_INCREMENT,
    `ref` varchar(50) NOT NULL,
    `title` varchar(50) NOT NULL,
    PRIMARY KEY (`id`)
) ENGINE=InnoDB DEFAULT CHARSET=utf8;


--
-- Structure de la table `product_advanced`
--
CREATE TABLE IF NOT EXISTS `product_advanced` (
 `id` int(11) NOT NULL AUTO_INCREMENT,
 `type` varchar(25) NOT NULL DEFAULT '',
 `name` varchar(50) NOT NULL DEFAULT '',
 `description` varchar(1800) DEFAULT NULL,
 `pictures` varchar(300) DEFAULT NULL,
 `youtube_ref` varchar(30) DEFAULT NULL,
 `instock` boolean NOT NULL default true,
 `price` float DEFAULT NULL,
 `comment` text NULL,
 PRIMARY KEY (`id`),
 KEY `name` (`name`)
) ENGINE=InnoDB  DEFAULT CHARSET=utf8 AUTO_INCREMENT=738;

INSERT INTO `product_advanced` (`id`, `type`, `name`, `description`, `pictures`, `youtube_ref`, `instock`, `price`, `comment`) VALUES
 (1, 'homemade', 'Homemade Knife One', '1515 phacochère, Pièce unique, fabriqué à Thiers par Manu laplace', 'homemadeone.jpg,homemadetwo.jpg', null, true, 66.0, 'Ivoire de phacochère et corne de buffle, lame : 8,5 cm'),
 (2, 'homemade', 'Homemade Knife Two', '1515bis phacochère, Pièce unique, fabriqué à Thiers par Manu laplace', 'homemadeone.jpg,homemadetwo.jpg', null, true, 166.0, 'Ivoire de phacochère et corne de buffle, lame : 8,5 cm')
;